sentence_index,Input_file_name,runtime_to_process,Column1
0,sentence_0.txt,0.086545706,0.086545706
1,sentence_1.txt,0.078001022,0.164546728
2,sentence_2.txt,0.080221176,0.244767904
3,sentence_3.txt,0.19143486,0.436202765
4,sentence_4.txt,0.084957123,0.521159887
5,sentence_5.txt,0.220858097,0.742017984
6,sentence_6.txt,0.160330296,0.90234828
7,sentence_7.txt,0.248474598,1.150822878
8,sentence_8.txt,0.163603783,1.314426661
9,sentence_9.txt,0.080537081,1.394963741
10,sentence_10.txt,0.106131315,1.501095057
11,sentence_11.txt,0.18067503,1.681770086
12,sentence_12.txt,0.161526442,1.843296528
13,sentence_13.txt,0.150442839,1.993739367
14,sentence_14.txt,0.187557936,2.181297302
15,sentence_15.txt,0.153518677,2.334815979
16,sentence_16.txt,0.16128993,2.496105909
17,sentence_17.txt,0.190285444,2.686391354
18,sentence_18.txt,0.165286064,2.851677418
19,sentence_19.txt,0.211104393,3.062781811
20,sentence_20.txt,0.176956892,3.239738703
21,sentence_21.txt,0.11033988,3.350078583
22,sentence_22.txt,0.245316744,3.595395327
23,sentence_23.txt,0.111300468,3.706695795
24,sentence_24.txt,0.388030291,4.094726086
25,sentence_25.txt,0.109052658,4.203778744
26,sentence_26.txt,0.118251085,4.322029829
27,sentence_27.txt,0.089342594,4.411372423
28,sentence_28.txt,0.214491367,4.625863791
29,sentence_29.txt,0.119127035,4.744990826
30,sentence_30.txt,0.098896265,4.843887091
31,sentence_31.txt,0.159011841,5.002898932
32,sentence_32.txt,0.153891325,5.156790257
33,sentence_33.txt,0.156732082,5.313522339
34,sentence_34.txt,0.106990576,5.420512915
35,sentence_35.txt,0.086639404,5.507152319
36,sentence_36.txt,0.100132465,5.607284784
37,sentence_37.txt,0.082627773,5.689912558
38,sentence_38.txt,0.13924408,5.829156637
39,sentence_39.txt,0.094780207,5.923936844
40,sentence_40.txt,0.10056138,6.024498224
41,sentence_41.txt,0.135610342,6.160108566
42,sentence_42.txt,0.085665941,6.245774508
43,sentence_43.txt,0.258238316,6.504012823
44,sentence_44.txt,0.185623646,6.689636469
45,sentence_45.txt,0.172718763,6.862355232
46,sentence_46.txt,0.132411242,6.994766474
47,sentence_47.txt,0.103268147,7.09803462
48,sentence_48.txt,0.16425705,7.26229167
49,sentence_49.txt,0.112621069,7.374912739
50,sentence_50.txt,0.124682903,7.499595642
51,sentence_51.txt,0.108819962,7.608415604
52,sentence_52.txt,0.094712973,7.703128576
53,sentence_53.txt,0.114765406,7.817893982
54,sentence_54.txt,0.092811108,7.91070509
55,sentence_55.txt,0.156161547,8.066866636
56,sentence_56.txt,0.164997339,8.231863976
57,sentence_57.txt,0.170399427,8.402263403
58,sentence_58.txt,0.10935235,8.511615753
59,sentence_59.txt,0.252915144,8.764530897
60,sentence_60.txt,0.201465845,8.965996742
61,sentence_61.txt,0.14643836,9.112435102
62,sentence_62.txt,0.166687965,9.279123068
63,sentence_63.txt,0.270474672,9.54959774
64,sentence_64.txt,0.158581257,9.708178997
65,sentence_65.txt,0.079400063,9.78757906
66,sentence_66.txt,0.092404366,9.879983425
67,sentence_67.txt,0.170351505,10.05033493
68,sentence_68.txt,0.158819199,10.20915413
69,sentence_69.txt,0.093269587,10.30242372
70,sentence_70.txt,0.239309311,10.54173303
71,sentence_71.txt,0.178118467,10.71985149
72,sentence_72.txt,0.496432543,11.21628404
73,sentence_73.txt,0.134819269,11.35110331
74,sentence_74.txt,0.161862135,11.51296544
75,sentence_75.txt,0.156501055,11.6694665
76,sentence_76.txt,0.214047909,11.8835144
77,sentence_77.txt,0.164434433,12.04794884
78,sentence_78.txt,0.127578259,12.1755271
79,sentence_79.txt,0.071399212,12.24692631
80,sentence_80.txt,0.262901068,12.50982738
81,sentence_81.txt,0.088773727,12.5986011
82,sentence_82.txt,0.103502512,12.70210361
83,sentence_83.txt,0.114191532,12.81629515
84,sentence_84.txt,0.109783649,12.9260788
85,sentence_85.txt,0.133788347,13.05986714
86,sentence_86.txt,0.096927643,13.15679479
87,sentence_87.txt,0.234515667,13.39131045
88,sentence_88.txt,0.217621565,13.60893202
89,sentence_89.txt,0.162942171,13.77187419
90,sentence_90.txt,0.239993334,14.01186752
91,sentence_91.txt,0.140601158,14.15246868
92,sentence_92.txt,0.17165184,14.32412052
93,sentence_93.txt,0.407744884,14.73186541
94,sentence_94.txt,0.221541166,14.95340657
95,sentence_95.txt,0.203919411,15.15732598
96,sentence_96.txt,0.140972853,15.29829884
97,sentence_97.txt,0.138856649,15.43715549
98,sentence_98.txt,0.231637716,15.6687932
99,sentence_99.txt,0.253305674,15.92209888
100,sentence_100.txt,0.075181007,15.99727988
101,sentence_101.txt,0.199534416,16.1968143
102,sentence_102.txt,0.095894337,16.29270864
103,sentence_103.txt,0.149966478,16.44267511
104,sentence_104.txt,0.160691738,16.60336685
105,sentence_105.txt,0.087175846,16.6905427
106,sentence_106.txt,0.119458199,16.8100009
107,sentence_107.txt,0.438431978,17.24843287
108,sentence_108.txt,0.26365447,17.51208735
109,sentence_109.txt,0.14699769,17.65908504
110,sentence_110.txt,0.162276983,17.82136202
111,sentence_111.txt,0.114151955,17.93551397
112,sentence_112.txt,0.116837025,18.052351
113,sentence_113.txt,0.154328346,18.20667934
114,sentence_114.txt,0.13330555,18.33998489
115,sentence_115.txt,0.158255816,18.49824071
116,sentence_116.txt,0.093199492,18.5914402
117,sentence_117.txt,0.161746264,18.75318646
118,sentence_118.txt,0.167107105,18.92029357
119,sentence_119.txt,0.106789112,19.02708268
120,sentence_120.txt,0.1013515,19.12843418
121,sentence_121.txt,0.20153594,19.32997012
122,sentence_122.txt,0.147207737,19.47717786
123,sentence_123.txt,0.150295734,19.62747359
124,sentence_124.txt,0.135596514,19.76307011
125,sentence_125.txt,0.146261692,19.9093318
126,sentence_126.txt,0.159890413,20.06922221
127,sentence_127.txt,0.152936459,20.22215867
128,sentence_128.txt,0.166020632,20.3881793
129,sentence_129.txt,0.154555082,20.54273438
130,sentence_130.txt,0.184422016,20.7271564
131,sentence_131.txt,0.14158988,20.86874628
132,sentence_132.txt,0.075404167,20.94415045
133,sentence_133.txt,0.131886482,21.07603693
134,sentence_134.txt,0.126178265,21.20221519
135,sentence_135.txt,0.157269001,21.3594842
136,sentence_136.txt,0.096065998,21.45555019
137,sentence_137.txt,0.06839633,21.52394652
138,sentence_138.txt,0.101467609,21.62541413
139,sentence_139.txt,0.193263769,21.8186779
140,sentence_140.txt,0.112331152,21.93100905
141,sentence_141.txt,0.198343992,22.12935305
142,sentence_142.txt,0.165603161,22.29495621
143,sentence_143.txt,0.091371775,22.38632798
144,sentence_144.txt,0.114707947,22.50103593
145,sentence_145.txt,0.144003868,22.6450398
146,sentence_146.txt,0.11504817,22.76008797
147,sentence_147.txt,0.101451159,22.86153913
148,sentence_148.txt,0.141942263,23.00348139
149,sentence_149.txt,0.119029045,23.12251043
150,sentence_150.txt,0.117286444,23.23979688
151,sentence_151.txt,0.218601704,23.45839858
152,sentence_152.txt,0.079835176,23.53823376
153,sentence_153.txt,0.09555459,23.63378835
154,sentence_154.txt,0.162243128,23.79603148
155,sentence_155.txt,0.13091445,23.92694592
156,sentence_156.txt,0.162751675,24.0896976
157,sentence_157.txt,0.094420671,24.18411827
158,sentence_158.txt,0.108090401,24.29220867
159,sentence_159.txt,0.151045322,24.44325399
160,sentence_160.txt,0.099946022,24.54320002
161,sentence_161.txt,0.235175371,24.77837539
162,sentence_162.txt,0.159952879,24.93832827
163,sentence_163.txt,0.346810818,25.28513908
164,sentence_164.txt,0.108172894,25.39331198
165,sentence_165.txt,0.153549671,25.54686165
166,sentence_166.txt,0.178423643,25.72528529
167,sentence_167.txt,0.185760498,25.91104579
168,sentence_168.txt,0.196443081,26.10748887
169,sentence_169.txt,0.11899972,26.22648859
170,sentence_170.txt,0.462131023,26.68861961
171,sentence_171.txt,0.126233101,26.81485271
172,sentence_172.txt,0.166563988,26.9814167
173,sentence_173.txt,0.14044404,27.12186074
174,sentence_174.txt,0.145914555,27.2677753
175,sentence_175.txt,0.158538818,27.42631412
176,sentence_176.txt,0.093793154,27.52010727
177,sentence_177.txt,0.124166012,27.64427328
178,sentence_178.txt,0.155947924,27.8002212
179,sentence_179.txt,0.12618041,27.92640162
180,sentence_180.txt,0.200043201,28.12644482
181,sentence_181.txt,0.142471075,28.26891589
182,sentence_182.txt,0.172712803,28.44162869
183,sentence_183.txt,0.211656809,28.6532855
184,sentence_184.txt,0.105656624,28.75894213
185,sentence_185.txt,0.168217897,28.92716002
186,sentence_186.txt,0.119759083,29.04691911
187,sentence_187.txt,0.129613638,29.17653275
188,sentence_188.txt,0.094263315,29.27079606
189,sentence_189.txt,0.119072914,29.38986897
190,sentence_190.txt,0.114336967,29.50420594
191,sentence_191.txt,0.145960808,29.65016675
192,sentence_192.txt,0.213285446,29.8634522
193,sentence_193.txt,0.167178154,30.03063035
194,sentence_194.txt,0.28975749,30.32038784
195,sentence_195.txt,0.162862301,30.48325014
196,sentence_196.txt,0.179340839,30.66259098
197,sentence_197.txt,0.181274176,30.84386516
198,sentence_198.txt,0.15501523,30.99888039
199,sentence_199.txt,0.122236013,31.1211164
200,sentence_200.txt,0.142338753,31.26345515
201,sentence_201.txt,0.203386068,31.46684122
202,sentence_202.txt,0.103317976,31.5701592
203,sentence_203.txt,0.186119795,31.75627899
204,sentence_204.txt,0.10281992,31.85909891
205,sentence_205.txt,0.143787861,32.00288677
206,sentence_206.txt,0.081973076,32.08485985
207,sentence_207.txt,0.154541016,32.23940086
208,sentence_208.txt,0.179285049,32.41868591
209,sentence_209.txt,0.195659637,32.61434555
210,sentence_210.txt,0.175527096,32.78987265
211,sentence_211.txt,0.113180161,32.90305281
212,sentence_212.txt,0.054038048,32.95709085
213,sentence_213.txt,0.130883455,33.08797431
214,sentence_214.txt,0.101173401,33.18914771
215,sentence_215.txt,0.14542079,33.3345685
216,sentence_216.txt,0.10202527,33.43659377
217,sentence_217.txt,0.138494253,33.57508802
218,sentence_218.txt,0.255805254,33.83089328
219,sentence_219.txt,0.144603491,33.97549677
220,sentence_220.txt,0.156094074,34.13159084
221,sentence_221.txt,0.171378613,34.30296946
222,sentence_222.txt,0.152260542,34.45523
223,sentence_223.txt,0.177443266,34.63267326
224,sentence_224.txt,0.174402952,34.80707622
225,sentence_225.txt,0.212912083,35.0199883
226,sentence_226.txt,0.195314169,35.21530247
227,sentence_227.txt,0.229346037,35.4446485
228,sentence_228.txt,0.271571875,35.71622038
229,sentence_229.txt,0.191964388,35.90818477
230,sentence_230.txt,0.219780922,36.12796569
231,sentence_231.txt,0.094891787,36.22285748
232,sentence_232.txt,0.135910273,36.35876775
233,sentence_233.txt,0.176795244,36.53556299
234,sentence_234.txt,0.086287737,36.62185073
235,sentence_235.txt,0.157653809,36.77950454
236,sentence_236.txt,0.189569235,36.96907377
237,sentence_237.txt,0.114246845,37.08332062
238,sentence_238.txt,0.075689554,37.15901017
239,sentence_239.txt,0.170673132,37.3296833
240,sentence_240.txt,0.169509172,37.49919248
241,sentence_241.txt,0.092843294,37.59203577
242,sentence_242.txt,0.148139954,37.74017572
243,sentence_243.txt,0.132966518,37.87314224
244,sentence_244.txt,0.094276905,37.96741915
245,sentence_245.txt,0.135028839,38.10244799
246,sentence_246.txt,0.07343626,38.17588425
247,sentence_247.txt,0.138447523,38.31433177
248,sentence_248.txt,0.113656998,38.42798877
249,sentence_249.txt,0.110428572,38.53841734
250,sentence_250.txt,0.128096104,38.66651344
251,sentence_251.txt,0.236473083,38.90298653
252,sentence_252.txt,0.237846136,39.14083266
253,sentence_253.txt,0.26012969,39.40096235
254,sentence_254.txt,0.109802485,39.51076484
255,sentence_255.txt,0.093286514,39.60405135
256,sentence_256.txt,0.144168854,39.74822021
257,sentence_257.txt,0.155858278,39.90407848
258,sentence_258.txt,0.133103848,40.03718233
259,sentence_259.txt,0.092714071,40.1298964
260,sentence_260.txt,0.111140728,40.24103713
261,sentence_261.txt,0.181330681,40.42236781
262,sentence_262.txt,0.12086916,40.54323697
263,sentence_263.txt,0.14771986,40.69095683
264,sentence_264.txt,0.193124056,40.88408089
265,sentence_265.txt,0.199265242,41.08334613
266,sentence_266.txt,0.119588614,41.20293474
267,sentence_267.txt,0.152189016,41.35512376
268,sentence_268.txt,0.124579191,41.47970295
269,sentence_269.txt,0.138059378,41.61776233
270,sentence_270.txt,0.129151344,41.74691367
271,sentence_271.txt,0.16049695,41.90741062
272,sentence_272.txt,0.118683815,42.02609444
273,sentence_273.txt,0.234890461,42.2609849
274,sentence_274.txt,0.094706774,42.35569167
275,sentence_275.txt,0.10388875,42.45958042
276,sentence_276.txt,0.139062881,42.5986433
277,sentence_277.txt,0.216048956,42.81469226
278,sentence_278.txt,0.099334717,42.91402698
279,sentence_279.txt,0.16381526,43.07784224
280,sentence_280.txt,0.207606316,43.28544855
281,sentence_281.txt,0.088417053,43.3738656
282,sentence_282.txt,0.091215372,43.46508098
283,sentence_283.txt,0.104725122,43.5698061
284,sentence_284.txt,0.186356306,43.75616241
285,sentence_285.txt,0.144485474,43.90064788
286,sentence_286.txt,0.164668798,44.06531668
287,sentence_287.txt,0.100426674,44.16574335
288,sentence_288.txt,0.182003021,44.34774637
289,sentence_289.txt,0.093759298,44.44150567
290,sentence_290.txt,0.161751509,44.60325718
291,sentence_291.txt,0.151750326,44.75500751
292,sentence_292.txt,0.141283035,44.89629054
293,sentence_293.txt,0.222289562,45.1185801
294,sentence_294.txt,0.133437872,45.25201797
295,sentence_295.txt,0.16113472,45.41315269
296,sentence_296.txt,0.21318841,45.6263411
297,sentence_297.txt,0.198500395,45.8248415
298,sentence_298.txt,0.114994049,45.93983555
299,sentence_299.txt,0.145202398,46.08503795
300,sentence_300.txt,0.15294981,46.23798776
301,sentence_301.txt,0.160419226,46.39840698
302,sentence_302.txt,0.23874855,46.63715553
303,sentence_303.txt,0.297349453,46.93450499
304,sentence_304.txt,0.377312183,47.31181717
305,sentence_305.txt,0.179583549,47.49140072
306,sentence_306.txt,0.080452681,47.5718534
307,sentence_307.txt,0.11191988,47.68377328
308,sentence_308.txt,0.132817268,47.81659055
309,sentence_309.txt,0.131034136,47.94762468
310,sentence_310.txt,0.174196243,48.12182093
311,sentence_311.txt,0.150349379,48.27217031
312,sentence_312.txt,0.244747162,48.51691747
313,sentence_313.txt,0.119780779,48.63669825
314,sentence_314.txt,0.160061598,48.79675984
315,sentence_315.txt,0.129797459,48.9265573
316,sentence_316.txt,0.174595594,49.1011529
317,sentence_317.txt,0.095434189,49.19658709
318,sentence_318.txt,0.133471489,49.33005857
319,sentence_319.txt,0.157947302,49.48800588
320,sentence_320.txt,0.342630863,49.83063674
321,sentence_321.txt,0.136300325,49.96693707
322,sentence_322.txt,0.209503174,50.17644024
323,sentence_323.txt,0.232827663,50.4092679
324,sentence_324.txt,0.104559422,50.51382732
325,sentence_325.txt,0.132987022,50.64681435
326,sentence_326.txt,0.199099779,50.84591413
327,sentence_327.txt,0.089792013,50.93570614
328,sentence_328.txt,0.104897261,51.0406034
329,sentence_329.txt,0.081644058,51.12224746
330,sentence_330.txt,0.22971034,51.3519578
331,sentence_331.txt,0.209481478,51.56143928
332,sentence_332.txt,0.167610884,51.72905016
333,sentence_333.txt,0.252519608,51.98156977
334,sentence_334.txt,0.129738331,52.1113081
335,sentence_335.txt,0.126030684,52.23733878
336,sentence_336.txt,0.1171422,52.35448098
337,sentence_337.txt,0.232101917,52.5865829
338,sentence_338.txt,0.134427786,52.72101068
339,sentence_339.txt,0.109663963,52.83067465
340,sentence_340.txt,0.258771896,53.08944654
341,sentence_341.txt,0.121130943,53.21057749
342,sentence_342.txt,0.098413706,53.30899119
343,sentence_343.txt,0.173988581,53.48297977
344,sentence_344.txt,0.110455036,53.59343481
345,sentence_345.txt,0.117709398,53.71114421
346,sentence_346.txt,0.42880249,54.1399467
347,sentence_347.txt,0.132683992,54.27263069
348,sentence_348.txt,0.134000063,54.40663075
349,sentence_349.txt,0.142755032,54.54938579
350,sentence_350.txt,0.100321293,54.64970708
351,sentence_351.txt,0.226132154,54.87583923
352,sentence_352.txt,0.13065958,55.00649881
353,sentence_353.txt,0.073276043,55.07977486
354,sentence_354.txt,0.234478474,55.31425333
355,sentence_355.txt,0.148051739,55.46230507
356,sentence_356.txt,0.181433439,55.64373851
357,sentence_357.txt,0.132164717,55.77590322
358,sentence_358.txt,0.061956882,55.83786011
359,sentence_359.txt,0.069787741,55.90764785
360,sentence_360.txt,0.069550276,55.97719812
361,sentence_361.txt,0.154379845,56.13157797
362,sentence_362.txt,0.113777399,56.24535537
363,sentence_363.txt,0.12030673,56.3656621
364,sentence_364.txt,0.159581184,56.52524328
365,sentence_365.txt,0.131337166,56.65658045
366,sentence_366.txt,0.160799026,56.81737947
367,sentence_367.txt,0.148254156,56.96563363
368,sentence_368.txt,0.095422983,57.06105661
369,sentence_369.txt,0.228052855,57.28910947
370,sentence_370.txt,0.068983316,57.35809278
371,sentence_371.txt,0.10037899,57.45847178
372,sentence_372.txt,0.056309462,57.51478124
373,sentence_373.txt,0.161755562,57.6765368
374,sentence_374.txt,0.158512115,57.83504891
375,sentence_375.txt,0.17724967,58.01229858
376,sentence_376.txt,0.10942626,58.12172484
377,sentence_377.txt,0.1812253,58.30295014
378,sentence_378.txt,0.296793222,58.59974337
379,sentence_379.txt,0.099615335,58.6993587
380,sentence_380.txt,0.117255688,58.81661439
381,sentence_381.txt,0.107730627,58.92434502
382,sentence_382.txt,0.097784758,59.02212977
383,sentence_383.txt,0.151634216,59.17376399
384,sentence_384.txt,0.100298405,59.2740624
385,sentence_385.txt,0.097048998,59.37111139
386,sentence_386.txt,0.163609028,59.53472042
387,sentence_387.txt,0.129899502,59.66461992
388,sentence_388.txt,0.142737627,59.80735755
389,sentence_389.txt,0.138661623,59.94601917
390,sentence_390.txt,0.205874205,60.15189338
391,sentence_391.txt,0.11246109,60.26435447
392,sentence_392.txt,0.35312295,60.61747742
393,sentence_393.txt,0.151573658,60.76905107
394,sentence_394.txt,0.130280256,60.89933133
395,sentence_395.txt,0.271146297,61.17047763
396,sentence_396.txt,0.137351036,61.30782866
397,sentence_397.txt,0.128935337,61.436764
398,sentence_398.txt,0.112525702,61.5492897
399,sentence_399.txt,0.077877522,61.62716722
400,sentence_400.txt,0.103266239,61.73043346
401,sentence_401.txt,0.189573526,61.92000699
402,sentence_402.txt,0.12850523,62.04851222
403,sentence_403.txt,0.325835943,62.37434816
404,sentence_404.txt,0.168343306,62.54269147
405,sentence_405.txt,0.146912813,62.68960428
406,sentence_406.txt,0.214570284,62.90417457
407,sentence_407.txt,0.145682812,63.04985738
408,sentence_408.txt,0.281288862,63.33114624
409,sentence_409.txt,0.10131526,63.4324615
410,sentence_410.txt,0.540147066,63.97260857
411,sentence_411.txt,0.099715233,64.0723238
412,sentence_412.txt,0.153390169,64.22571397
413,sentence_413.txt,0.080481291,64.30619526
414,sentence_414.txt,0.118205786,64.42440104
415,sentence_415.txt,0.077919722,64.50232077
416,sentence_416.txt,0.158440828,64.66076159
417,sentence_417.txt,0.12971735,64.79047894
418,sentence_418.txt,0.194868803,64.98534775
419,sentence_419.txt,0.137056351,65.1224041
420,sentence_420.txt,0.075066566,65.19747066
421,sentence_421.txt,0.186706781,65.38417745
422,sentence_422.txt,0.116533518,65.50071096
423,sentence_423.txt,0.20502162,65.70573258
424,sentence_424.txt,0.131078243,65.83681083
425,sentence_425.txt,0.186997175,66.023808
426,sentence_426.txt,0.192403078,66.21621108
427,sentence_427.txt,0.240772724,66.4569838
428,sentence_428.txt,0.095706701,66.55269051
429,sentence_429.txt,0.147333622,66.70002413
430,sentence_430.txt,0.323794842,67.02381897
431,sentence_431.txt,0.443015575,67.46683455
432,sentence_432.txt,0.180401325,67.64723587
433,sentence_433.txt,0.218252659,67.86548853
434,sentence_434.txt,0.244958162,68.11044669
435,sentence_435.txt,0.175051451,68.28549814
436,sentence_436.txt,0.092464209,68.37796235
437,sentence_437.txt,0.094828129,68.47279048
438,sentence_438.txt,0.135375977,68.60816646
439,sentence_439.txt,0.525933504,69.13409996
440,sentence_440.txt,0.156235695,69.29033566
441,sentence_441.txt,0.131342649,69.4216783
442,sentence_442.txt,0.203581333,69.62525964
443,sentence_443.txt,0.096358299,69.72161794
444,sentence_444.txt,0.203106403,69.92472434
445,sentence_445.txt,0.256386518,70.18111086
446,sentence_446.txt,0.107606888,70.28871775
447,sentence_447.txt,0.162528276,70.45124602
448,sentence_448.txt,0.161797047,70.61304307
449,sentence_449.txt,0.080274582,70.69331765
450,sentence_450.txt,0.128091335,70.82140899
451,sentence_451.txt,0.100339651,70.92174864
452,sentence_452.txt,0.264902592,71.18665123
453,sentence_453.txt,0.136816502,71.32346773
454,sentence_454.txt,0.10913229,71.43260002
455,sentence_455.txt,0.244233131,71.67683315
456,sentence_456.txt,0.119468927,71.79630208
457,sentence_457.txt,0.142823696,71.93912578
458,sentence_458.txt,0.557952404,72.49707818
459,sentence_459.txt,0.099348307,72.59642649
460,sentence_460.txt,0.114046097,72.71047258
461,sentence_461.txt,0.103379726,72.81385231
462,sentence_462.txt,0.103380919,72.91723323
463,sentence_463.txt,0.132062912,73.04929614
464,sentence_464.txt,0.153921604,73.20321774
465,sentence_465.txt,0.156413794,73.35963154
466,sentence_466.txt,0.107466459,73.467098
467,sentence_467.txt,0.106966496,73.57406449
468,sentence_468.txt,0.219846487,73.79391098
469,sentence_469.txt,0.198361635,73.99227262
470,sentence_470.txt,0.152094603,74.14436722
471,sentence_471.txt,0.20891881,74.35328603
472,sentence_472.txt,0.137871504,74.49115753
473,sentence_473.txt,0.220033646,74.71119118
474,sentence_474.txt,0.070021391,74.78121257
475,sentence_475.txt,0.313424826,75.09463739
476,sentence_476.txt,0.161619425,75.25625682
477,sentence_477.txt,0.161551476,75.41780829
478,sentence_478.txt,0.110096693,75.52790499
479,sentence_479.txt,0.13141799,75.65932298
480,sentence_480.txt,0.123186827,75.7825098
481,sentence_481.txt,0.395393372,76.17790318
482,sentence_482.txt,0.086232901,76.26413608
483,sentence_483.txt,0.129220486,76.39335656
484,sentence_484.txt,0.113223791,76.50658035
485,sentence_485.txt,0.108062744,76.6146431
486,sentence_486.txt,0.171327829,76.78597093
487,sentence_487.txt,0.166373491,76.95234442
488,sentence_488.txt,0.12161994,77.07396436
489,sentence_489.txt,0.129018784,77.20298314
490,sentence_490.txt,0.169294357,77.3722775
491,sentence_491.txt,0.20669055,77.57896805
492,sentence_492.txt,0.073845863,77.65281391
493,sentence_493.txt,0.075747013,77.72856092
494,sentence_494.txt,0.170140743,77.89870167
495,sentence_495.txt,0.182195425,78.08089709
496,sentence_496.txt,0.106049299,78.18694639
497,sentence_497.txt,0.137837172,78.32478356
498,sentence_498.txt,0.129984379,78.45476794
499,sentence_499.txt,0.113471031,78.56823897
500,sentence_500.txt,0.134171247,78.70241022
501,sentence_501.txt,0.141853571,78.84426379
502,sentence_502.txt,0.116172791,78.96043658
503,sentence_503.txt,0.072686434,79.03312302
504,sentence_504.txt,0.085048676,79.11817169
505,sentence_505.txt,0.184117079,79.30228877
506,sentence_506.txt,0.18576026,79.48804903
507,sentence_507.txt,0.18209362,79.67014265
508,sentence_508.txt,0.168088675,79.83823133
509,sentence_509.txt,0.149794579,79.9880259
510,sentence_510.txt,0.161049843,80.14907575
511,sentence_511.txt,0.350028753,80.4991045
512,sentence_512.txt,0.086915493,80.58601999
513,sentence_513.txt,0.172455072,80.75847507
514,sentence_514.txt,0.159815311,80.91829038
515,sentence_515.txt,0.24138546,81.15967584
516,sentence_516.txt,0.175621748,81.33529758
517,sentence_517.txt,0.203140974,81.53843856
518,sentence_518.txt,0.088640928,81.62707949
519,sentence_519.txt,0.14795661,81.7750361
520,sentence_520.txt,0.157890797,81.93292689
521,sentence_521.txt,0.079880476,82.01280737
522,sentence_522.txt,0.128408432,82.1412158
523,sentence_523.txt,0.073225737,82.21444154
524,sentence_524.txt,0.252920151,82.46736169
525,sentence_525.txt,0.117147923,82.58450961
526,sentence_526.txt,0.253957272,82.83846688
527,sentence_527.txt,0.099373102,82.93783998
528,sentence_528.txt,0.220036745,83.15787673
529,sentence_529.txt,0.14333725,83.30121398
530,sentence_530.txt,0.141354561,83.44256854
531,sentence_531.txt,0.120926857,83.5634954
532,sentence_532.txt,0.184759378,83.74825478
533,sentence_533.txt,0.154203176,83.90245795
534,sentence_534.txt,0.222650528,84.12510848
535,sentence_535.txt,0.320287704,84.44539618
536,sentence_536.txt,0.08940196,84.53479815
537,sentence_537.txt,0.096099615,84.63089776
538,sentence_538.txt,0.158557177,84.78945494
539,sentence_539.txt,0.12100029,84.91045523
540,sentence_540.txt,0.176174879,85.08663011
541,sentence_541.txt,0.407487631,85.49411774
542,sentence_542.txt,0.296574116,85.79069185
543,sentence_543.txt,0.138073444,85.9287653
544,sentence_544.txt,0.111423492,86.04018879
545,sentence_545.txt,0.220921755,86.26111054
546,sentence_546.txt,0.108206749,86.36931729
547,sentence_547.txt,0.077571392,86.44688869
548,sentence_548.txt,0.135766745,86.58265543
549,sentence_549.txt,0.176214218,86.75886965
550,sentence_550.txt,0.174702406,86.93357205
551,sentence_551.txt,0.068662882,87.00223494
552,sentence_552.txt,0.071850061,87.074085
553,sentence_553.txt,0.147727013,87.22181201
554,sentence_554.txt,0.114871979,87.33668399
555,sentence_555.txt,0.15668416,87.49336815
556,sentence_556.txt,0.10009551,87.59346366
557,sentence_557.txt,0.114750862,87.70821452
558,sentence_558.txt,0.119295359,87.82750988
559,sentence_559.txt,0.22923708,88.05674696
560,sentence_560.txt,0.201608896,88.25835586
561,sentence_561.txt,0.195985556,88.45434141
562,sentence_562.txt,0.160042048,88.61438346
563,sentence_563.txt,0.121495962,88.73587942
564,sentence_564.txt,0.112634182,88.8485136
565,sentence_565.txt,0.093673944,88.94218755
566,sentence_566.txt,0.226047516,89.16823506
567,sentence_567.txt,0.098514318,89.26674938
568,sentence_568.txt,0.130136251,89.39688563
569,sentence_569.txt,0.208652973,89.60553861
570,sentence_570.txt,0.14151597,89.74705458
571,sentence_571.txt,0.218254566,89.96530914
572,sentence_572.txt,0.175573349,90.14088249
573,sentence_573.txt,0.196511507,90.337394
574,sentence_574.txt,0.131224155,90.46861815
575,sentence_575.txt,0.154025555,90.62264371
576,sentence_576.txt,0.087028503,90.70967221
577,sentence_577.txt,0.149414539,90.85908675
578,sentence_578.txt,0.102575302,90.96166205
579,sentence_579.txt,0.125694036,91.08735609
580,sentence_580.txt,0.121614218,91.20897031
581,sentence_581.txt,0.084765196,91.2937355
582,sentence_582.txt,0.175760508,91.46949601
583,sentence_583.txt,0.163916588,91.6334126
584,sentence_584.txt,0.233588219,91.86700082
585,sentence_585.txt,0.350328445,92.21732926
586,sentence_586.txt,0.142661572,92.35999084
587,sentence_587.txt,0.137501717,92.49749255
588,sentence_588.txt,0.232155561,92.72964811
589,sentence_589.txt,0.289869308,93.01951742
590,sentence_590.txt,0.21134901,93.23086643
591,sentence_591.txt,0.188581705,93.41944814
592,sentence_592.txt,0.173870802,93.59331894
593,sentence_593.txt,0.138820171,93.73213911
594,sentence_594.txt,0.200151205,93.93229032
595,sentence_595.txt,0.234447002,94.16673732
596,sentence_596.txt,0.316941977,94.48367929
597,sentence_597.txt,0.253298521,94.73697782
598,sentence_598.txt,0.123198271,94.86017609
599,sentence_599.txt,0.088972569,94.94914865
600,sentence_600.txt,0.167556524,95.11670518
601,sentence_601.txt,0.132008791,95.24871397
602,sentence_602.txt,0.065664291,95.31437826
603,sentence_603.txt,0.167383671,95.48176193
604,sentence_604.txt,0.368483067,95.850245
605,sentence_605.txt,0.096831799,95.9470768
606,sentence_606.txt,0.169133902,96.1162107
607,sentence_607.txt,0.162832737,96.27904344
608,sentence_608.txt,0.093621731,96.37266517
609,sentence_609.txt,0.148014784,96.52067995
610,sentence_610.txt,0.10708952,96.62776947
611,sentence_611.txt,0.174201727,96.8019712
612,sentence_612.txt,0.147709131,96.94968033
613,sentence_613.txt,0.111856461,97.06153679
614,sentence_614.txt,0.056206465,97.11774325
615,sentence_615.txt,0.212914467,97.33065772
616,sentence_616.txt,0.107260942,97.43791866
617,sentence_617.txt,0.120277166,97.55819583
618,sentence_618.txt,0.166611671,97.7248075
619,sentence_619.txt,0.134153366,97.85896087
620,sentence_620.txt,0.07233572,97.93129659
621,sentence_621.txt,0.067636013,97.9989326
622,sentence_622.txt,0.153198004,98.1521306
623,sentence_623.txt,0.110169649,98.26230025
624,sentence_624.txt,0.539212227,98.80151248
625,sentence_625.txt,0.14384532,98.9453578
626,sentence_626.txt,0.133941412,99.07929921
627,sentence_627.txt,0.126703978,99.20600319
628,sentence_628.txt,0.106888533,99.31289172
629,sentence_629.txt,0.151193142,99.46408486
630,sentence_630.txt,0.167381525,99.63146639
631,sentence_631.txt,0.194790363,99.82625675
632,sentence_632.txt,0.178451061,100.0047078
633,sentence_633.txt,0.065906525,100.0706143
634,sentence_634.txt,0.125470161,100.1960845
635,sentence_635.txt,0.122845888,100.3189304
636,sentence_636.txt,0.142587423,100.4615178
637,sentence_637.txt,0.110490799,100.5720086
638,sentence_638.txt,0.264916897,100.8369255
639,sentence_639.txt,0.140212059,100.9771376
640,sentence_640.txt,0.147651196,101.1247888
641,sentence_641.txt,0.06557107,101.1903598
642,sentence_642.txt,0.081056118,101.2714159
643,sentence_643.txt,0.171359301,101.4427752
644,sentence_644.txt,0.073506832,101.5162821
645,sentence_645.txt,0.372003794,101.8882859
646,sentence_646.txt,0.294856787,102.1831427
647,sentence_647.txt,0.17167592,102.3548186
648,sentence_648.txt,0.103197813,102.4580164
649,sentence_649.txt,0.347420931,102.8054373
650,sentence_650.txt,0.145085096,102.9505224
651,sentence_651.txt,0.160910368,103.1114328
652,sentence_652.txt,0.260313749,103.3717465
653,sentence_653.txt,0.095210552,103.4669571
654,sentence_654.txt,0.122255087,103.5892122
655,sentence_655.txt,0.12552762,103.7147398
656,sentence_656.txt,0.134351492,103.8490913
657,sentence_657.txt,0.168639421,104.0177307
658,sentence_658.txt,0.135228634,104.1529593
659,sentence_659.txt,0.158487082,104.3114464
660,sentence_660.txt,0.154830933,104.4662774
661,sentence_661.txt,0.233899117,104.7001765
662,sentence_662.txt,0.129162073,104.8293386
663,sentence_663.txt,0.193775654,105.0231142
664,sentence_664.txt,0.124723673,105.1478379
665,sentence_665.txt,0.079407692,105.2272456
666,sentence_666.txt,0.197014332,105.4242599
667,sentence_667.txt,0.130754948,105.5550148
668,sentence_668.txt,0.117753267,105.6727681
669,sentence_669.txt,0.19725275,105.8700209
670,sentence_670.txt,0.153491497,106.0235124
671,sentence_671.txt,0.145363331,106.1688757
672,sentence_672.txt,0.13915801,106.3080337
673,sentence_673.txt,0.133124113,106.4411578
674,sentence_674.txt,0.134713888,106.5758717
675,sentence_675.txt,0.151138783,106.7270105
676,sentence_676.txt,0.214924335,106.9419348
677,sentence_677.txt,0.376908779,107.3188436
678,sentence_678.txt,0.152231216,107.4710748
679,sentence_679.txt,0.122565269,107.5936401
680,sentence_680.txt,0.15747261,107.7511127
681,sentence_681.txt,0.083194017,107.8343067
682,sentence_682.txt,0.097971678,107.9322784
683,sentence_683.txt,0.184240818,108.1165192
684,sentence_684.txt,0.13455677,108.251076
685,sentence_685.txt,0.183224916,108.4343009
686,sentence_686.txt,0.132519722,108.5668206
687,sentence_687.txt,0.158075571,108.7248962
688,sentence_688.txt,0.124057055,108.8489532
689,sentence_689.txt,0.106727362,108.9556806
690,sentence_690.txt,0.154354095,109.1100347
691,sentence_691.txt,0.18953228,109.299567
692,sentence_692.txt,0.442745686,109.7423127
693,sentence_693.txt,0.097022057,109.8393347
694,sentence_694.txt,0.152362347,109.9916971
695,sentence_695.txt,0.298829079,110.2905262
696,sentence_696.txt,0.160082817,110.450609
697,sentence_697.txt,0.158375978,110.6089849
698,sentence_698.txt,0.129761219,110.7387462
699,sentence_699.txt,0.136937141,110.8756833
700,sentence_700.txt,0.179979324,111.0556626
701,sentence_701.txt,0.141077995,111.1967406
702,sentence_702.txt,0.114878654,111.3116193
703,sentence_703.txt,0.132013321,111.4436326
704,sentence_704.txt,0.207811356,111.651444
705,sentence_705.txt,0.107792139,111.7592361
706,sentence_706.txt,0.116855145,111.8760912
707,sentence_707.txt,0.070918322,111.9470096
708,sentence_708.txt,0.095722198,112.0427318
709,sentence_709.txt,0.161149025,112.2038808
710,sentence_710.txt,0.150363922,112.3542447
711,sentence_711.txt,0.118982553,112.4732273
712,sentence_712.txt,0.105398417,112.5786257
713,sentence_713.txt,0.114106655,112.6927323
714,sentence_714.txt,0.078431368,112.7711637
715,sentence_715.txt,0.172059774,112.9432235
716,sentence_716.txt,0.178561687,113.1217852
717,sentence_717.txt,0.12373805,113.2455232
718,sentence_718.txt,0.144655943,113.3901792
719,sentence_719.txt,0.26336956,113.6535487
720,sentence_720.txt,0.090662956,113.7442117
721,sentence_721.txt,0.08545661,113.8296683
722,sentence_722.txt,0.346844196,114.1765125
723,sentence_723.txt,0.110125065,114.2866375
724,sentence_724.txt,0.125955343,114.4125929
725,sentence_725.txt,0.145789623,114.5583825
726,sentence_726.txt,0.142837286,114.7012198
727,sentence_727.txt,0.112057924,114.8132777
728,sentence_728.txt,0.139048338,114.9523261
729,sentence_729.txt,0.129205227,115.0815313
730,sentence_730.txt,0.12236762,115.2038989
731,sentence_731.txt,0.125210524,115.3291094
732,sentence_732.txt,0.125121117,115.4542305
733,sentence_733.txt,0.12364769,115.5778782
734,sentence_734.txt,0.19462657,115.7725048
735,sentence_735.txt,0.160368443,115.9328732
736,sentence_736.txt,0.150209427,116.0830827
737,sentence_737.txt,0.133534908,116.2166176
738,sentence_738.txt,0.106178761,116.3227963
739,sentence_739.txt,0.13043189,116.4532282
740,sentence_740.txt,0.122274399,116.5755026
741,sentence_741.txt,0.091908693,116.6674113
742,sentence_742.txt,0.284717083,116.9521284
743,sentence_743.txt,0.052880526,117.0050089
744,sentence_744.txt,0.149103642,117.1541126
745,sentence_745.txt,0.116770983,117.2708836
746,sentence_746.txt,0.171031713,117.4419153
747,sentence_747.txt,0.143031836,117.5849471
748,sentence_748.txt,0.094870806,117.6798179
749,sentence_749.txt,0.310440063,117.990258
750,sentence_750.txt,0.30441761,118.2946756
751,sentence_751.txt,0.067002296,118.3616779
752,sentence_752.txt,0.18154192,118.5432198
753,sentence_753.txt,0.068104506,118.6113243
754,sentence_754.txt,0.187536955,118.7988613
755,sentence_755.txt,0.236944914,119.0358062
756,sentence_756.txt,0.218175173,119.2539814
757,sentence_757.txt,0.106252909,119.3602343
758,sentence_758.txt,0.130547047,119.4907813
759,sentence_759.txt,0.136743069,119.6275244
760,sentence_760.txt,0.118011236,119.7455356
761,sentence_761.txt,0.130199671,119.8757353
762,sentence_762.txt,0.101070166,119.9768054
763,sentence_763.txt,0.150654078,120.1274595
764,sentence_764.txt,0.141907215,120.2693667
765,sentence_765.txt,0.378556013,120.6479228
766,sentence_766.txt,0.066455841,120.7143786
767,sentence_767.txt,0.154409409,120.868788
768,sentence_768.txt,0.072888136,120.9416761
769,sentence_769.txt,0.120215654,121.0618918
770,sentence_770.txt,0.140980721,121.2028725
771,sentence_771.txt,0.175028086,121.3779006
772,sentence_772.txt,0.121790886,121.4996915
773,sentence_773.txt,0.092841148,121.5925326
774,sentence_774.txt,0.107294798,121.6998274
775,sentence_775.txt,0.230886221,121.9307137
776,sentence_776.txt,0.165023088,122.0957367
777,sentence_777.txt,0.141327143,122.2370639
778,sentence_778.txt,0.118828773,122.3558927
779,sentence_779.txt,0.170411825,122.5263045
780,sentence_780.txt,0.083847284,122.6101518
781,sentence_781.txt,0.107354164,122.7175059
782,sentence_782.txt,0.577430248,123.2949362
783,sentence_783.txt,0.125042677,123.4199789
784,sentence_784.txt,0.165307045,123.5852859
785,sentence_785.txt,0.069118261,123.6544042
786,sentence_786.txt,0.141478062,123.7958822
787,sentence_787.txt,0.172988653,123.9688709
788,sentence_788.txt,0.174037933,124.1429088
789,sentence_789.txt,0.145191193,124.2881
790,sentence_790.txt,0.215627432,124.5037274
791,sentence_791.txt,0.106500387,124.6102278
792,sentence_792.txt,0.072753429,124.6829813
793,sentence_793.txt,0.219750404,124.9027317
794,sentence_794.txt,0.107140779,125.0098724
795,sentence_795.txt,0.103378534,125.113251
796,sentence_796.txt,0.165653467,125.2789044
797,sentence_797.txt,0.103085756,125.3819902
798,sentence_798.txt,0.133081913,125.5150721
799,sentence_799.txt,0.311242104,125.8263142
800,sentence_800.txt,0.13914752,125.9654617
801,sentence_801.txt,0.089596748,126.0550585
802,sentence_802.txt,0.124117136,126.1791756
803,sentence_803.txt,0.537163258,126.7163389
804,sentence_804.txt,0.129005194,126.8453441
805,sentence_805.txt,0.154693127,127.0000372
806,sentence_806.txt,0.128570795,127.128608
807,sentence_807.txt,0.13223958,127.2608476
808,sentence_808.txt,0.156861782,127.4177094
809,sentence_809.txt,0.071079493,127.4887888
810,sentence_810.txt,0.129994154,127.618783
811,sentence_811.txt,0.130883455,127.7496665
812,sentence_812.txt,0.119651079,127.8693175
813,sentence_813.txt,0.084154367,127.9534719
814,sentence_814.txt,0.106219292,128.0596912
815,sentence_815.txt,0.133862972,128.1935542
816,sentence_816.txt,0.258202791,128.451757
817,sentence_817.txt,0.318493366,128.7702503
818,sentence_818.txt,0.202035189,128.9722855
819,sentence_819.txt,0.076794147,129.0490797
820,sentence_820.txt,0.146621704,129.1957014
821,sentence_821.txt,0.181385517,129.3770869
822,sentence_822.txt,0.133260965,129.5103478
823,sentence_823.txt,0.488914728,129.9992626
824,sentence_824.txt,0.257451296,130.2567139
825,sentence_825.txt,0.131998539,130.3887124
826,sentence_826.txt,0.06367588,130.4523883
827,sentence_827.txt,0.136579275,130.5889676
828,sentence_828.txt,0.146517277,130.7354848
829,sentence_829.txt,0.113804579,130.8492894
830,sentence_830.txt,0.107883692,130.9571731
831,sentence_831.txt,0.096026421,131.0531995
832,sentence_832.txt,0.202755213,131.2559547
833,sentence_833.txt,0.085191011,131.3411458
834,sentence_834.txt,0.132838488,131.4739842
835,sentence_835.txt,0.437431097,131.9114153
836,sentence_836.txt,0.114882231,132.0262976
837,sentence_837.txt,0.167269945,132.1935675
838,sentence_838.txt,0.233454704,132.4270222
839,sentence_839.txt,0.162031174,132.5890534
840,sentence_840.txt,0.285358191,132.8744116
841,sentence_841.txt,0.207015991,133.0814276
842,sentence_842.txt,0.148890257,133.2303178
843,sentence_843.txt,0.167872429,133.3981903
844,sentence_844.txt,0.123137951,133.5213282
845,sentence_845.txt,0.161332607,133.6826608
846,sentence_846.txt,0.157332897,133.8399937
847,sentence_847.txt,0.176736593,134.0167303
848,sentence_848.txt,0.165253401,134.1819837
849,sentence_849.txt,0.136116982,134.3181007
850,sentence_850.txt,0.107390642,134.4254913
851,sentence_851.txt,0.116149664,134.541641
852,sentence_852.txt,0.112680435,134.6543214
853,sentence_853.txt,0.181010008,134.8353314
854,sentence_854.txt,0.16359973,134.9989312
855,sentence_855.txt,0.230614901,135.2295461
856,sentence_856.txt,0.198564768,135.4281108
857,sentence_857.txt,0.13865447,135.5667653
858,sentence_858.txt,0.190373182,135.7571385
859,sentence_859.txt,0.151320457,135.9084589
860,sentence_860.txt,0.083974838,135.9924338
861,sentence_861.txt,0.099423885,136.0918577
862,sentence_862.txt,0.100246429,136.1921041
863,sentence_863.txt,0.203360081,136.3954642
864,sentence_864.txt,0.281443119,136.6769073
865,sentence_865.txt,0.171401501,136.8483088
866,sentence_866.txt,0.129529238,136.977838
867,sentence_867.txt,0.138288975,137.116127
868,sentence_868.txt,0.118162394,137.2342894
869,sentence_869.txt,0.115119219,137.3494086
870,sentence_870.txt,0.143074512,137.4924831
871,sentence_871.txt,0.147919893,137.640403
872,sentence_872.txt,0.306171894,137.9465749
873,sentence_873.txt,0.203231335,138.1498063
874,sentence_874.txt,0.156253815,138.3060601
875,sentence_875.txt,0.190915346,138.4969754
876,sentence_876.txt,0.08654356,138.583519
877,sentence_877.txt,0.1647439,138.7482629
878,sentence_878.txt,0.131590843,138.8798537
879,sentence_879.txt,0.112628698,138.9924824
880,sentence_880.txt,0.180298328,139.1727808
881,sentence_881.txt,0.473391533,139.6461723
882,sentence_882.txt,0.182731867,139.8289042
883,sentence_883.txt,0.247929811,140.076834
884,sentence_884.txt,0.187948942,140.2647829
885,sentence_885.txt,0.137308836,140.4020917
886,sentence_886.txt,0.119672775,140.5217645
887,sentence_887.txt,0.219587088,140.7413516
888,sentence_888.txt,0.131839275,140.8731909
889,sentence_889.txt,0.149122715,141.0223136
890,sentence_890.txt,0.107397795,141.1297114
891,sentence_891.txt,0.194646358,141.3243577
892,sentence_892.txt,0.101004601,141.4253623
893,sentence_893.txt,0.181100368,141.6064627
894,sentence_894.txt,0.199938536,141.8064013
895,sentence_895.txt,0.072557449,141.8789587
896,sentence_896.txt,0.126388073,142.0053468
897,sentence_897.txt,0.161936045,142.1672828
898,sentence_898.txt,0.308005095,142.4752879
899,sentence_899.txt,0.561043739,143.0363317
900,sentence_900.txt,0.103711843,143.1400435
901,sentence_901.txt,0.16919136,143.3092349
902,sentence_902.txt,0.070337057,143.3795719
903,sentence_903.txt,0.110801935,143.4903738
904,sentence_904.txt,0.148457527,143.6388314
905,sentence_905.txt,0.128181219,143.7670126
906,sentence_906.txt,0.06820488,143.8352175
907,sentence_907.txt,0.148092508,143.98331
908,sentence_908.txt,0.163496733,144.1468067
909,sentence_909.txt,0.224356413,144.3711631
910,sentence_910.txt,0.164996862,144.53616
911,sentence_911.txt,6.976410627,151.5125706
912,sentence_912.txt,0.179760933,151.6923316
913,sentence_913.txt,0.149024963,151.8413565
914,sentence_914.txt,0.136621237,151.9779778
915,sentence_915.txt,0.123846054,152.1018238
916,sentence_916.txt,0.117729425,152.2195532
917,sentence_917.txt,0.076246023,152.2957993
918,sentence_918.txt,0.126177073,152.4219763
919,sentence_919.txt,0.123705149,152.5456815
920,sentence_920.txt,0.145213366,152.6908948
921,sentence_921.txt,0.098126173,152.789021
922,sentence_922.txt,0.293330908,153.0823519
923,sentence_923.txt,0.132387877,153.2147398
924,sentence_924.txt,0.085446119,153.3001859
925,sentence_925.txt,0.175568581,153.4757545
926,sentence_926.txt,0.118011713,153.5937662
927,sentence_927.txt,0.169540644,153.7633069
928,sentence_928.txt,0.141731739,153.9050386
929,sentence_929.txt,0.132082224,154.0371208
930,sentence_930.txt,0.183118582,154.2202394
931,sentence_931.txt,0.194789886,154.4150293
932,sentence_932.txt,0.123351097,154.5383804
933,sentence_933.txt,0.161603689,154.6999841
934,sentence_934.txt,0.10707283,154.8070569
935,sentence_935.txt,0.155543089,154.9626
936,sentence_936.txt,0.10328126,155.0658813
937,sentence_937.txt,0.094394207,155.1602755
938,sentence_938.txt,0.135719061,155.2959945
939,sentence_939.txt,0.101635933,155.3976305
940,sentence_940.txt,0.171885967,155.5695164
941,sentence_941.txt,0.323548555,155.893065
942,sentence_942.txt,0.166793823,156.0598588
943,sentence_943.txt,0.144063711,156.2039225
944,sentence_944.txt,0.150243521,156.354166
945,sentence_945.txt,0.178453922,156.53262
946,sentence_946.txt,0.183451891,156.7160718
947,sentence_947.txt,0.084336996,156.8004088
948,sentence_948.txt,0.205937624,157.0063465
949,sentence_949.txt,0.117067337,157.1234138
950,sentence_950.txt,0.246132612,157.3695464
951,sentence_951.txt,0.184305906,157.5538523
952,sentence_952.txt,0.140613317,157.6944656
953,sentence_953.txt,0.40769887,158.1021645
954,sentence_954.txt,0.172544241,158.2747087
955,sentence_955.txt,0.223252773,158.4979615
956,sentence_956.txt,0.216158628,158.7141201
957,sentence_957.txt,0.271886349,158.9860065
958,sentence_958.txt,0.178706884,159.1647134
959,sentence_959.txt,0.122172832,159.2868862
960,sentence_960.txt,0.164906263,159.4517925
961,sentence_961.txt,0.095095873,159.5468884
962,sentence_962.txt,0.135998964,159.6828873
963,sentence_963.txt,0.165739536,159.8486269
964,sentence_964.txt,0.087746382,159.9363732
965,sentence_965.txt,0.19849968,160.1348729
966,sentence_966.txt,0.132127047,160.267
967,sentence_967.txt,0.175744057,160.442744
968,sentence_968.txt,0.200850964,160.643595
969,sentence_969.txt,0.150143147,160.7937381
970,sentence_970.txt,0.076294184,160.8700323
971,sentence_971.txt,0.087371588,160.9574039
972,sentence_972.txt,0.05680871,161.0142126
973,sentence_973.txt,0.252734661,161.2669473
974,sentence_974.txt,0.110637903,161.3775852
975,sentence_975.txt,0.255548954,161.6331341
976,sentence_976.txt,0.120907307,161.7540414
977,sentence_977.txt,0.091806889,161.8458483
978,sentence_978.txt,0.16135335,162.0072017
979,sentence_979.txt,0.100647926,162.1078496
980,sentence_980.txt,0.184893608,162.2927432
981,sentence_981.txt,0.136265039,162.4290082
982,sentence_982.txt,0.126147985,162.5551562
983,sentence_983.txt,0.245020628,162.8001769
984,sentence_984.txt,0.175834894,162.9760118
985,sentence_985.txt,0.162096024,163.1381078
986,sentence_986.txt,0.071172476,163.2092803
987,sentence_987.txt,0.180489302,163.3897696
988,sentence_988.txt,0.136410952,163.5261805
989,sentence_989.txt,0.130775928,163.6569564
990,sentence_990.txt,0.216810703,163.8737671
991,sentence_991.txt,0.130733967,164.0045011
992,sentence_992.txt,0.125533819,164.1300349
993,sentence_993.txt,0.195619583,164.3256545
994,sentence_994.txt,0.131824732,164.4574792
995,sentence_995.txt,0.071468592,164.5289478
996,sentence_996.txt,0.074930906,164.6038787
997,sentence_997.txt,0.171866417,164.7757452
998,sentence_998.txt,0.170484066,164.9462292
999,sentence_999.txt,0.131995916,165.0782251
1000,sentence_1000.txt,0.180868149,165.2590933
1001,sentence_1001.txt,0.225898504,165.4849918
1002,sentence_1002.txt,0.115350723,165.6003425
1003,sentence_1003.txt,0.08282733,165.6831698
1004,sentence_1004.txt,0.07568264,165.7588525
1005,sentence_1005.txt,0.131628036,165.8904805
1006,sentence_1006.txt,0.176448345,166.0669289
1007,sentence_1007.txt,0.115800858,166.1827297
1008,sentence_1008.txt,0.113751173,166.2964809
1009,sentence_1009.txt,0.419265985,166.7157469
1010,sentence_1010.txt,0.086316347,166.8020632
1011,sentence_1011.txt,0.151469469,166.9535327
1012,sentence_1012.txt,0.177947044,167.1314797
1013,sentence_1013.txt,0.277309179,167.4087889
1014,sentence_1014.txt,0.341008186,167.7497971
1015,sentence_1015.txt,0.095952511,167.8457496
1016,sentence_1016.txt,0.087468386,167.933218
1017,sentence_1017.txt,0.120825768,168.0540438
1018,sentence_1018.txt,0.195823431,168.2498672
1019,sentence_1019.txt,0.197395563,168.4472628
1020,sentence_1020.txt,0.139783859,168.5870466
1021,sentence_1021.txt,0.14329648,168.7303431
1022,sentence_1022.txt,0.105618,168.8359611
1023,sentence_1023.txt,0.211517096,169.0474782
1024,sentence_1024.txt,0.056250334,169.1037285
1025,sentence_1025.txt,0.109481335,169.2132099
1026,sentence_1026.txt,0.59661746,169.8098273
1027,sentence_1027.txt,0.124009132,169.9338365
1028,sentence_1028.txt,0.174274921,170.1081114
1029,sentence_1029.txt,0.118475437,170.2265868
1030,sentence_1030.txt,0.153783798,170.3803706
1031,sentence_1031.txt,0.146343946,170.5267146
1032,sentence_1032.txt,0.158268452,170.684983
1033,sentence_1033.txt,0.257511616,170.9424946
1034,sentence_1034.txt,0.344005823,171.2865005
1035,sentence_1035.txt,0.096256256,171.3827567
1036,sentence_1036.txt,0.111466885,171.4942236
1037,sentence_1037.txt,0.124875546,171.6190991
1038,sentence_1038.txt,0.127758741,171.7468579
1039,sentence_1039.txt,0.140141964,171.8869998
1040,sentence_1040.txt,0.080378294,171.9673781
1041,sentence_1041.txt,0.163051844,172.13043
1042,sentence_1042.txt,0.138241768,172.2686718
1043,sentence_1043.txt,0.223637104,172.4923089
1044,sentence_1044.txt,0.126051903,172.6183608
1045,sentence_1045.txt,0.085361719,172.7037225
1046,sentence_1046.txt,0.145046711,172.8487692
1047,sentence_1047.txt,0.145151377,172.9939206
1048,sentence_1048.txt,0.261045456,173.254966
1049,sentence_1049.txt,0.070953608,173.3259196
1050,sentence_1050.txt,0.10586071,173.4317803
1051,sentence_1051.txt,0.161816359,173.5935967
1052,sentence_1052.txt,0.122879028,173.7164757
1053,sentence_1053.txt,0.14338398,173.8598597
1054,sentence_1054.txt,0.168006182,174.0278659
1055,sentence_1055.txt,0.134032965,174.1618989
1056,sentence_1056.txt,0.15058589,174.3124847
1057,sentence_1057.txt,0.150901794,174.4633865
1058,sentence_1058.txt,0.127341509,174.590728
1059,sentence_1059.txt,0.061339617,174.6520677
1060,sentence_1060.txt,0.107810974,174.7598786
1061,sentence_1061.txt,0.137048006,174.8969266
1062,sentence_1062.txt,0.190899849,175.0878265
1063,sentence_1063.txt,0.125648499,175.213475
1064,sentence_1064.txt,0.183371067,175.3968461
1065,sentence_1065.txt,0.095198393,175.4920444
1066,sentence_1066.txt,0.107307673,175.5993521
1067,sentence_1067.txt,0.20773077,175.8070829
1068,sentence_1068.txt,0.127608538,175.9346914
1069,sentence_1069.txt,0.494287729,176.4289792
1070,sentence_1070.txt,0.476951122,176.9059303
1071,sentence_1071.txt,0.15322566,177.0591559
1072,sentence_1072.txt,0.144516706,177.2036726
1073,sentence_1073.txt,0.125286579,177.3289592
1074,sentence_1074.txt,0.123734713,177.4526939
1075,sentence_1075.txt,0.10943079,177.5621247
1076,sentence_1076.txt,0.100034714,177.6621594
1077,sentence_1077.txt,0.184643269,177.8468027
1078,sentence_1078.txt,0.130723,177.9775257
1079,sentence_1079.txt,0.142220974,178.1197467
1080,sentence_1080.txt,0.135189772,178.2549365
1081,sentence_1081.txt,0.142646313,178.3975828
1082,sentence_1082.txt,0.60280776,179.0003905
1083,sentence_1083.txt,0.310388327,179.3107789
1084,sentence_1084.txt,0.136631012,179.4474099
1085,sentence_1085.txt,0.150181055,179.5975909
1086,sentence_1086.txt,0.09168911,179.68928
1087,sentence_1087.txt,0.14384532,179.8331254
1088,sentence_1088.txt,0.24879241,180.0819178
1089,sentence_1089.txt,0.088704109,180.1706219
1090,sentence_1090.txt,0.066745043,180.2373669
1091,sentence_1091.txt,0.089200258,180.3265672
1092,sentence_1092.txt,0.240794182,180.5673614
1093,sentence_1093.txt,0.177429914,180.7447913
1094,sentence_1094.txt,0.143134832,180.8879261
1095,sentence_1095.txt,0.147336483,181.0352626
1096,sentence_1096.txt,0.147565365,181.1828279
1097,sentence_1097.txt,0.782347679,181.9651756
1098,sentence_1098.txt,0.14372468,182.1089003
1099,sentence_1099.txt,0.076829672,182.18573
1100,sentence_1100.txt,0.101657867,182.2873878
1101,sentence_1101.txt,0.108478546,182.3958664
1102,sentence_1102.txt,0.145887852,182.5417542
1103,sentence_1103.txt,0.199452162,182.7412064
1104,sentence_1104.txt,0.112953424,182.8541598
1105,sentence_1105.txt,0.201171637,183.0553315
1106,sentence_1106.txt,0.15274334,183.2080748
1107,sentence_1107.txt,0.105788231,183.313863
1108,sentence_1108.txt,0.099277496,183.4131405
1109,sentence_1109.txt,0.063809633,183.4769502
1110,sentence_1110.txt,0.477868319,183.9548185
1111,sentence_1111.txt,0.128134727,184.0829532
1112,sentence_1112.txt,0.090820313,184.1737735
1113,sentence_1113.txt,0.223638296,184.3974118
1114,sentence_1114.txt,0.175817013,184.5732288
1115,sentence_1115.txt,0.097786427,184.6710153
1116,sentence_1116.txt,0.23921752,184.9102328
1117,sentence_1117.txt,0.317564249,185.227797
1118,sentence_1118.txt,0.150517941,185.378315
1119,sentence_1119.txt,0.138133287,185.5164483
1120,sentence_1120.txt,0.169140816,185.6855891
1121,sentence_1121.txt,0.170839071,185.8564281
1122,sentence_1122.txt,0.145646334,186.0020745
1123,sentence_1123.txt,0.127865076,186.1299396
1124,sentence_1124.txt,0.090199709,186.2201393
1125,sentence_1125.txt,0.052520037,186.2726593
1126,sentence_1126.txt,0.156491518,186.4291508
1127,sentence_1127.txt,0.162948847,186.5920997
1128,sentence_1128.txt,0.122783899,186.7148836
1129,sentence_1129.txt,0.196151972,186.9110355
1130,sentence_1130.txt,0.152827501,187.063863
1131,sentence_1131.txt,0.081274986,187.145138
1132,sentence_1132.txt,0.101363182,187.2465012
1133,sentence_1133.txt,0.174678564,187.4211798
1134,sentence_1134.txt,0.208591461,187.6297712
1135,sentence_1135.txt,0.174418449,187.8041897
1136,sentence_1136.txt,0.128770351,187.93296
1137,sentence_1137.txt,0.146407127,188.0793672
1138,sentence_1138.txt,0.100673199,188.1800404
1139,sentence_1139.txt,0.161066532,188.3411069
1140,sentence_1140.txt,0.110146523,188.4512534
1141,sentence_1141.txt,0.16243124,188.6136847
1142,sentence_1142.txt,0.181118011,188.7948027
1143,sentence_1143.txt,0.148583889,188.9433866
1144,sentence_1144.txt,0.100956917,189.0443435
1145,sentence_1145.txt,0.110368729,189.1547122
1146,sentence_1146.txt,0.163239241,189.3179514
1147,sentence_1147.txt,0.092749596,189.410701
1148,sentence_1148.txt,0.131475925,189.542177
1149,sentence_1149.txt,0.109822989,189.652
1150,sentence_1150.txt,0.247014761,189.8990147
1151,sentence_1151.txt,0.143468142,190.0424829
1152,sentence_1152.txt,0.127975464,190.1704583
1153,sentence_1153.txt,0.216800451,190.3872588
1154,sentence_1154.txt,0.129372835,190.5166316
1155,sentence_1155.txt,0.1051476,190.6217792
1156,sentence_1156.txt,0.20050621,190.8222854
1157,sentence_1157.txt,0.126654863,190.9489403
1158,sentence_1158.txt,0.345739603,191.2946799
1159,sentence_1159.txt,0.212464333,191.5071442
1160,sentence_1160.txt,0.182211637,191.6893559
1161,sentence_1161.txt,0.132961273,191.8223171
1162,sentence_1162.txt,0.147422075,191.9697392
1163,sentence_1163.txt,0.173299789,192.143039
1164,sentence_1164.txt,0.119351149,192.2623901
1165,sentence_1165.txt,0.078124046,192.3405142
1166,sentence_1166.txt,0.387548923,192.7280631
1167,sentence_1167.txt,0.132133961,192.8601971
1168,sentence_1168.txt,0.157336473,193.0175335
1169,sentence_1169.txt,0.140839815,193.1583734
1170,sentence_1170.txt,0.082841396,193.2412148
1171,sentence_1171.txt,0.154655695,193.3958704
1172,sentence_1172.txt,0.086217165,193.4820876
1173,sentence_1173.txt,0.216885328,193.6989729
1174,sentence_1174.txt,0.194174528,193.8931475
1175,sentence_1175.txt,0.150705576,194.043853
1176,sentence_1176.txt,0.123762369,194.1676154
1177,sentence_1177.txt,0.105430126,194.2730455
1178,sentence_1178.txt,0.198970318,194.4720159
1179,sentence_1179.txt,0.109997749,194.5820136
1180,sentence_1180.txt,0.116729736,194.6987433
1181,sentence_1181.txt,0.130477428,194.8292208
1182,sentence_1182.txt,0.129397631,194.9586184
1183,sentence_1183.txt,0.149259806,195.1078782
1184,sentence_1184.txt,0.214088202,195.3219664
1185,sentence_1185.txt,0.119369984,195.4413364
1186,sentence_1186.txt,0.145918846,195.5872552
1187,sentence_1187.txt,0.158311605,195.7455668
1188,sentence_1188.txt,0.27312398,196.0186908
1189,sentence_1189.txt,0.130167961,196.1488588
1190,sentence_1190.txt,0.153279305,196.3021381
1191,sentence_1191.txt,0.096546412,196.3986845
1192,sentence_1192.txt,0.112487793,196.5111723
1193,sentence_1193.txt,0.156776428,196.6679487
1194,sentence_1194.txt,0.14623332,196.814182
1195,sentence_1195.txt,0.140930653,196.9551127
1196,sentence_1196.txt,0.185715199,197.1408279
1197,sentence_1197.txt,0.164358616,197.3051865
1198,sentence_1198.txt,0.142956495,197.448143
1199,sentence_1199.txt,0.120484591,197.5686276
1200,sentence_1200.txt,0.326323986,197.8949516
1201,sentence_1201.txt,0.195110559,198.0900621
1202,sentence_1202.txt,0.169421911,198.2594841
1203,sentence_1203.txt,0.140551805,198.4000359
1204,sentence_1204.txt,0.124644518,198.5246804
1205,sentence_1205.txt,0.129624844,198.6543052
1206,sentence_1206.txt,0.191103458,198.8454087
1207,sentence_1207.txt,0.239164114,199.0845728
1208,sentence_1208.txt,0.149968624,199.2345414
1209,sentence_1209.txt,0.244995356,199.4795368
1210,sentence_1210.txt,0.137236357,199.6167731
1211,sentence_1211.txt,0.138077497,199.7548506
1212,sentence_1212.txt,0.215010166,199.9698608
1213,sentence_1213.txt,0.095124245,200.064985
1214,sentence_1214.txt,0.092916727,200.1579018
1215,sentence_1215.txt,0.06262517,200.2205269
1216,sentence_1216.txt,0.167797565,200.3883245
1217,sentence_1217.txt,0.200416803,200.5887413
1218,sentence_1218.txt,0.108705759,200.6974471
1219,sentence_1219.txt,0.3040874,201.0015345
1220,sentence_1220.txt,0.123790979,201.1253254
1221,sentence_1221.txt,0.12516284,201.2504883
1222,sentence_1222.txt,0.087393045,201.3378813
1223,sentence_1223.txt,0.138889313,201.4767706
1224,sentence_1224.txt,0.131203175,201.6079738
1225,sentence_1225.txt,0.210671425,201.8186452
1226,sentence_1226.txt,0.164298058,201.9829433
1227,sentence_1227.txt,0.135364056,202.1183074
1228,sentence_1228.txt,0.073669434,202.1919768
1229,sentence_1229.txt,0.13281703,202.3247938
1230,sentence_1230.txt,0.123266935,202.4480608
1231,sentence_1231.txt,0.085037231,202.533098
1232,sentence_1232.txt,0.123734713,202.6568327
1233,sentence_1233.txt,0.118122578,202.7749553
1234,sentence_1234.txt,0.132668972,202.9076242
1235,sentence_1235.txt,0.089681387,202.9973056
1236,sentence_1236.txt,0.151761055,203.1490667
1237,sentence_1237.txt,0.139204741,203.2882714
1238,sentence_1238.txt,0.102129221,203.3904006
1239,sentence_1239.txt,0.332475424,203.7228761
1240,sentence_1240.txt,0.19700551,203.9198816
1241,sentence_1241.txt,0.149905205,204.0697868
1242,sentence_1242.txt,0.12622714,204.1960139
1243,sentence_1243.txt,0.130449772,204.3264637
1244,sentence_1244.txt,0.215131283,204.541595
1245,sentence_1245.txt,0.115920305,204.6575153
1246,sentence_1246.txt,0.127909899,204.7854252
1247,sentence_1247.txt,0.135944366,204.9213696
1248,sentence_1248.txt,0.059199095,204.9805686
1249,sentence_1249.txt,0.202794552,205.1833632
1250,sentence_1250.txt,0.118884802,205.302248
1251,sentence_1251.txt,0.126067162,205.4283152
1252,sentence_1252.txt,0.139158487,205.5674736
1253,sentence_1253.txt,0.333310843,205.9007845
1254,sentence_1254.txt,0.379715443,206.2804999
1255,sentence_1255.txt,0.087201595,206.3677015
1256,sentence_1256.txt,0.049868107,206.4175696
1257,sentence_1257.txt,0.202971458,206.6205411
1258,sentence_1258.txt,0.131422043,206.7519631
1259,sentence_1259.txt,0.534624815,207.286588
1260,sentence_1260.txt,0.079846621,207.3664346
1261,sentence_1261.txt,0.369711876,207.7361465
1262,sentence_1262.txt,0.162042856,207.8981893
1263,sentence_1263.txt,0.128013134,208.0262024
1264,sentence_1264.txt,0.108474493,208.1346769
1265,sentence_1265.txt,0.072006464,208.2066834
1266,sentence_1266.txt,0.073292971,208.2799764
1267,sentence_1267.txt,0.094508171,208.3744845
1268,sentence_1268.txt,0.172994852,208.5474794
1269,sentence_1269.txt,0.150164604,208.697644
1270,sentence_1270.txt,0.152393341,208.8500373
1271,sentence_1271.txt,0.093653917,208.9436913
1272,sentence_1272.txt,0.138551474,209.0822427
1273,sentence_1273.txt,0.185155392,209.2673981
1274,sentence_1274.txt,0.155738592,209.4231367
1275,sentence_1275.txt,0.183175564,209.6063123
1276,sentence_1276.txt,0.127113104,209.7334254
1277,sentence_1277.txt,0.158767462,209.8921928
1278,sentence_1278.txt,0.145017385,210.0372102
1279,sentence_1279.txt,0.081582785,210.118793
1280,sentence_1280.txt,0.683404446,210.8021975
1281,sentence_1281.txt,0.167032957,210.9692304
1282,sentence_1282.txt,0.147526503,211.1167569
1283,sentence_1283.txt,0.361569405,211.4783263
1284,sentence_1284.txt,0.181720495,211.6600468
1285,sentence_1285.txt,0.17324543,211.8332922
1286,sentence_1286.txt,0.175904036,212.0091963
1287,sentence_1287.txt,0.12594986,212.1351461
1288,sentence_1288.txt,0.507480383,212.6426265
1289,sentence_1289.txt,0.429286003,213.0719125
1290,sentence_1290.txt,0.283653259,213.3555658
1291,sentence_1291.txt,0.097203016,213.4527688
1292,sentence_1292.txt,0.133143187,213.585912
1293,sentence_1293.txt,0.156047821,213.7419598
1294,sentence_1294.txt,0.137366295,213.8793261
1295,sentence_1295.txt,0.132189512,214.0115156
1296,sentence_1296.txt,0.399917841,214.4114335
1297,sentence_1297.txt,0.121187925,214.5326214
1298,sentence_1298.txt,0.114153147,214.6467745
1299,sentence_1299.txt,0.131256104,214.7780306
1300,sentence_1300.txt,0.094581842,214.8726125
1301,sentence_1301.txt,0.059798956,214.9324114
1302,sentence_1302.txt,0.136888981,215.0693004
1303,sentence_1303.txt,0.087516308,215.1568167
1304,sentence_1304.txt,0.13030982,215.2871265
1305,sentence_1305.txt,0.174949169,215.4620757
1306,sentence_1306.txt,0.140525341,215.6026011
1307,sentence_1307.txt,0.078351498,215.6809525
1308,sentence_1308.txt,0.092374563,215.7733271
1309,sentence_1309.txt,0.193227291,215.9665544
1310,sentence_1310.txt,0.136260271,216.1028147
1311,sentence_1311.txt,0.104159117,216.2069738
1312,sentence_1312.txt,0.20297575,216.4099495
1313,sentence_1313.txt,0.105602503,216.515552
1314,sentence_1314.txt,0.099147081,216.6146991
1315,sentence_1315.txt,0.100948334,216.7156475
1316,sentence_1316.txt,0.196504116,216.9121516
1317,sentence_1317.txt,0.299693584,217.2118452
1318,sentence_1318.txt,0.155505896,217.3673511
1319,sentence_1319.txt,0.190360546,217.5577116
1320,sentence_1320.txt,0.102188349,217.6599
1321,sentence_1321.txt,0.115097046,217.774997
1322,sentence_1322.txt,0.180762053,217.955759
1323,sentence_1323.txt,0.068289995,218.024049
1324,sentence_1324.txt,0.144146681,218.1681957
1325,sentence_1325.txt,0.162503004,218.3306987
1326,sentence_1326.txt,0.179427862,218.5101266
1327,sentence_1327.txt,0.14258337,218.65271
1328,sentence_1328.txt,0.143806696,218.7965167
1329,sentence_1329.txt,0.170098066,218.9666147
1330,sentence_1330.txt,0.1781919,219.1448066
1331,sentence_1331.txt,0.644162655,219.7889693
1332,sentence_1332.txt,0.137953758,219.926923
1333,sentence_1333.txt,0.147568941,220.074492
1334,sentence_1334.txt,0.18431735,220.2588093
1335,sentence_1335.txt,0.134367228,220.3931766
1336,sentence_1336.txt,0.102070093,220.4952466
1337,sentence_1337.txt,0.114936352,220.610183
1338,sentence_1338.txt,0.070847988,220.681031
1339,sentence_1339.txt,0.150435686,220.8314667
1340,sentence_1340.txt,0.143153429,220.9746201
1341,sentence_1341.txt,0.097140551,221.0717607
1342,sentence_1342.txt,0.202658653,221.2744193
1343,sentence_1343.txt,0.097253799,221.3716731
1344,sentence_1344.txt,0.166504622,221.5381777
1345,sentence_1345.txt,0.218697071,221.7568748
1346,sentence_1346.txt,0.192606926,221.9494817
1347,sentence_1347.txt,0.180094004,222.1295757
1348,sentence_1348.txt,0.193547249,222.323123
1349,sentence_1349.txt,0.088020086,222.4111431
1350,sentence_1350.txt,0.115523577,222.5266666
1351,sentence_1351.txt,0.088158131,222.6148248
1352,sentence_1352.txt,0.159056902,222.7738817
1353,sentence_1353.txt,0.155818701,222.9297004
1354,sentence_1354.txt,0.15937829,223.0890787
1355,sentence_1355.txt,0.304385424,223.3934641
1356,sentence_1356.txt,0.136320829,223.5297849
1357,sentence_1357.txt,0.129968405,223.6597533
1358,sentence_1358.txt,0.101664543,223.7614179
1359,sentence_1359.txt,0.327833891,224.0892518
1360,sentence_1360.txt,0.118460894,224.2077127
1361,sentence_1361.txt,0.189466238,224.3971789
1362,sentence_1362.txt,0.111570597,224.5087495
1363,sentence_1363.txt,0.166703701,224.6754532
1364,sentence_1364.txt,0.078067541,224.7535207
1365,sentence_1365.txt,0.160696507,224.9142172
1366,sentence_1366.txt,0.169816732,225.084034
1367,sentence_1367.txt,0.054713964,225.1387479
1368,sentence_1368.txt,0.227811813,225.3665597
1369,sentence_1369.txt,0.091567278,225.458127
1370,sentence_1370.txt,0.167550087,225.6256771
1371,sentence_1371.txt,0.099040985,225.7247181
1372,sentence_1372.txt,0.150557995,225.8752761
1373,sentence_1373.txt,0.138049126,226.0133252
1374,sentence_1374.txt,0.14154458,226.1548698
1375,sentence_1375.txt,0.372149706,226.5270195
1376,sentence_1376.txt,0.188964605,226.7159841
1377,sentence_1377.txt,0.169080019,226.8850641
1378,sentence_1378.txt,0.159467936,227.0445321
1379,sentence_1379.txt,0.188483715,227.2330158
1380,sentence_1380.txt,0.259753704,227.4927695
1381,sentence_1381.txt,0.06330657,227.556076
1382,sentence_1382.txt,0.163755655,227.7198317
1383,sentence_1383.txt,0.113059521,227.8328912
1384,sentence_1384.txt,0.210951567,228.0438428
1385,sentence_1385.txt,0.115265608,228.1591084
1386,sentence_1386.txt,0.133484364,228.2925928
1387,sentence_1387.txt,0.161718845,228.4543116
1388,sentence_1388.txt,0.07536602,228.5296776
1389,sentence_1389.txt,0.237998962,228.7676766
1390,sentence_1390.txt,0.164629221,228.9323058
1391,sentence_1391.txt,0.168988943,229.1012948
1392,sentence_1392.txt,0.068037748,229.1693325
1393,sentence_1393.txt,0.170823812,229.3401563
1394,sentence_1394.txt,0.133289814,229.4734461
1395,sentence_1395.txt,0.170566559,229.6440127
1396,sentence_1396.txt,0.134783983,229.7787967
1397,sentence_1397.txt,0.171378136,229.9501748
1398,sentence_1398.txt,0.060086727,230.0102615
1399,sentence_1399.txt,0.148490906,230.1587524
1400,sentence_1400.txt,0.145712614,230.3044651
1401,sentence_1401.txt,0.225344658,230.5298097
1402,sentence_1402.txt,0.131611347,230.6614211
1403,sentence_1403.txt,0.183970928,230.845392
1404,sentence_1404.txt,0.110295773,230.9556878
1405,sentence_1405.txt,0.112175703,231.0678635
1406,sentence_1406.txt,0.133854151,231.2017176
1407,sentence_1407.txt,0.087598562,231.2893162
1408,sentence_1408.txt,0.181713343,231.4710295
1409,sentence_1409.txt,0.121820927,231.5928504
1410,sentence_1410.txt,0.100435019,231.6932855
1411,sentence_1411.txt,0.174732208,231.8680177
1412,sentence_1412.txt,0.14062047,232.0086381
1413,sentence_1413.txt,0.109778881,232.118417
1414,sentence_1414.txt,0.172333241,232.2907503
1415,sentence_1415.txt,0.079395294,232.3701456
1416,sentence_1416.txt,0.221732855,232.5918784
1417,sentence_1417.txt,0.283906698,232.8757851
1418,sentence_1418.txt,0.170754194,233.0465393
1419,sentence_1419.txt,0.082429886,233.1289692
1420,sentence_1420.txt,0.112427711,233.2413969
1421,sentence_1421.txt,0.146340847,233.3877378
1422,sentence_1422.txt,0.442228079,233.8299658
1423,sentence_1423.txt,0.143462658,233.9734285
1424,sentence_1424.txt,0.107462168,234.0808907
1425,sentence_1425.txt,0.11466074,234.1955514
1426,sentence_1426.txt,0.077257156,234.2728086
1427,sentence_1427.txt,0.092823267,234.3656318
1428,sentence_1428.txt,0.153081179,234.518713
1429,sentence_1429.txt,0.142147064,234.6608601
1430,sentence_1430.txt,0.20524025,234.8661003
1431,sentence_1431.txt,0.1291852,234.9952855
1432,sentence_1432.txt,0.150965691,235.1462512
1433,sentence_1433.txt,0.181717396,235.3279686
1434,sentence_1434.txt,0.168134451,235.496103
1435,sentence_1435.txt,0.108775854,235.6048789
1436,sentence_1436.txt,0.161422014,235.7663009
1437,sentence_1437.txt,0.142912388,235.9092133
1438,sentence_1438.txt,0.127423763,236.0366371
1439,sentence_1439.txt,0.155556917,236.192194
1440,sentence_1440.txt,0.126067877,236.3182619
1441,sentence_1441.txt,0.140460968,236.4587228
1442,sentence_1442.txt,0.14381361,236.6025364
1443,sentence_1443.txt,0.283588409,236.8861248
1444,sentence_1444.txt,0.136286259,237.0224111
1445,sentence_1445.txt,0.150156498,237.1725676
1446,sentence_1446.txt,0.14853096,237.3210986
1447,sentence_1447.txt,0.127559662,237.4486582
1448,sentence_1448.txt,0.197911978,237.6465702
1449,sentence_1449.txt,0.093500137,237.7400703
1450,sentence_1450.txt,0.074348927,237.8144193
1451,sentence_1451.txt,0.093850613,237.9082699
1452,sentence_1452.txt,0.162927866,238.0711977
1453,sentence_1453.txt,0.158240557,238.2294383
1454,sentence_1454.txt,0.196197271,238.4256356
1455,sentence_1455.txt,0.12623477,238.5518703
1456,sentence_1456.txt,0.409462452,238.9613328
1457,sentence_1457.txt,0.094471693,239.0558045
1458,sentence_1458.txt,0.079851151,239.1356556
1459,sentence_1459.txt,0.079128265,239.2147839
1460,sentence_1460.txt,0.133885384,239.3486693
1461,sentence_1461.txt,0.105779171,239.4544485
1462,sentence_1462.txt,0.09856987,239.5530183
1463,sentence_1463.txt,0.119756222,239.6727746
1464,sentence_1464.txt,0.153938055,239.8267126
1465,sentence_1465.txt,0.125605106,239.9523177
1466,sentence_1466.txt,0.152797699,240.1051154
1467,sentence_1467.txt,0.438004971,240.5431204
1468,sentence_1468.txt,0.08264184,240.6257622
1469,sentence_1469.txt,0.11438036,240.7401426
1470,sentence_1470.txt,0.165876865,240.9060194
1471,sentence_1471.txt,0.161005259,241.0670247
1472,sentence_1472.txt,0.206386566,241.2734113
1473,sentence_1473.txt,0.478467941,241.7518792
1474,sentence_1474.txt,0.250202179,242.0020814
1475,sentence_1475.txt,0.163412571,242.165494
1476,sentence_1476.txt,0.226208687,242.3917027
1477,sentence_1477.txt,0.124262571,242.5159652
1478,sentence_1478.txt,0.18767643,242.7036417
1479,sentence_1479.txt,0.206594467,242.9102361
1480,sentence_1480.txt,0.166547537,243.0767837
1481,sentence_1481.txt,0.149232149,243.2260158
1482,sentence_1482.txt,0.153124809,243.3791406
1483,sentence_1483.txt,0.212235689,243.5913763
1484,sentence_1484.txt,0.131602526,243.7229788
1485,sentence_1485.txt,0.374685287,244.0976641
1486,sentence_1486.txt,0.106708765,244.2043729
1487,sentence_1487.txt,0.161131382,244.3655043
1488,sentence_1488.txt,0.160251379,244.5257556
1489,sentence_1489.txt,0.192778111,244.7185338
1490,sentence_1490.txt,0.111456633,244.8299904
1491,sentence_1491.txt,0.134785891,244.9647763
1492,sentence_1492.txt,0.091353416,245.0561297
1493,sentence_1493.txt,0.136463165,245.1925929
1494,sentence_1494.txt,0.121491671,245.3140845
1495,sentence_1495.txt,0.125927925,245.4400125
1496,sentence_1496.txt,0.136194944,245.5762074
1497,sentence_1497.txt,0.119502068,245.6957095
1498,sentence_1498.txt,0.172609329,245.8683188
1499,sentence_1499.txt,0.097413301,245.9657321
1500,sentence_1500.txt,0.082418203,246.0481503
1501,sentence_1501.txt,0.11419487,246.1623452
1502,sentence_1502.txt,0.136577129,246.2989223
1503,sentence_1503.txt,0.142088175,246.4410105
1504,sentence_1504.txt,0.224875927,246.6658864
1505,sentence_1505.txt,0.336508751,247.0023952
1506,sentence_1506.txt,0.117551804,247.119947
1507,sentence_1507.txt,0.731014729,247.8509617
1508,sentence_1508.txt,0.143361092,247.9943228
1509,sentence_1509.txt,0.122803688,248.1171265
1510,sentence_1510.txt,0.106494904,248.2236214
1511,sentence_1511.txt,0.119793653,248.343415
1512,sentence_1512.txt,0.182148218,248.5255632
1513,sentence_1513.txt,0.183726549,248.7092898
1514,sentence_1514.txt,0.102263689,248.8115535
1515,sentence_1515.txt,0.134325027,248.9458785
1516,sentence_1516.txt,0.163858652,249.1097372
1517,sentence_1517.txt,0.178123951,249.2878611
1518,sentence_1518.txt,0.101569414,249.3894305
1519,sentence_1519.txt,0.117387772,249.5068183
1520,sentence_1520.txt,0.0913167,249.598135
1521,sentence_1521.txt,0.120851278,249.7189863
1522,sentence_1522.txt,0.166737795,249.8857241
1523,sentence_1523.txt,0.043576956,249.929301
1524,sentence_1524.txt,0.193636894,250.1229379
1525,sentence_1525.txt,0.082526684,250.2054646
1526,sentence_1526.txt,0.123457193,250.3289218
1527,sentence_1527.txt,0.15497303,250.4838948
1528,sentence_1528.txt,0.192028999,250.6759238
1529,sentence_1529.txt,0.08761549,250.7635393
1530,sentence_1530.txt,0.152383566,250.9159229
1531,sentence_1531.txt,0.190726042,251.1066489
1532,sentence_1532.txt,0.125745535,251.2323945
1533,sentence_1533.txt,0.126111507,251.358506
1534,sentence_1534.txt,0.161708117,251.5202141
1535,sentence_1535.txt,0.181824684,251.7020388
1536,sentence_1536.txt,0.153666973,251.8557057
1537,sentence_1537.txt,0.175222397,252.0309281
1538,sentence_1538.txt,0.108939648,252.1398678
1539,sentence_1539.txt,0.142225981,252.2820938
1540,sentence_1540.txt,0.146301508,252.4283953
1541,sentence_1541.txt,0.077387333,252.5057826
1542,sentence_1542.txt,0.102941275,252.6087239
1543,sentence_1543.txt,0.145731926,252.7544558
1544,sentence_1544.txt,0.365740776,253.1201966
1545,sentence_1545.txt,0.213101625,253.3332982
1546,sentence_1546.txt,0.072176218,253.4054744
1547,sentence_1547.txt,0.134345531,253.53982
1548,sentence_1548.txt,0.163713455,253.7035334
1549,sentence_1549.txt,0.128178358,253.8317118
1550,sentence_1550.txt,0.244718075,254.0764298
1551,sentence_1551.txt,0.160872698,254.2373025
1552,sentence_1552.txt,0.185019255,254.4223218
1553,sentence_1553.txt,0.114013672,254.5363355
1554,sentence_1554.txt,0.259384394,254.7957199
1555,sentence_1555.txt,0.156539679,254.9522595
1556,sentence_1556.txt,0.142813921,255.0950735
1557,sentence_1557.txt,0.232411623,255.3274851
1558,sentence_1558.txt,0.25661993,255.584105
1559,sentence_1559.txt,0.172784328,255.7568893
1560,sentence_1560.txt,0.100456953,255.8573463
1561,sentence_1561.txt,0.16857481,256.0259211
1562,sentence_1562.txt,0.148005724,256.1739268
1563,sentence_1563.txt,0.237144709,256.4110715
1564,sentence_1564.txt,0.155157089,256.5662286
1565,sentence_1565.txt,0.174663067,256.7408917
1566,sentence_1566.txt,0.180583477,256.9214752
1567,sentence_1567.txt,0.321051598,257.2425268
1568,sentence_1568.txt,0.171715736,257.4142425
1569,sentence_1569.txt,0.17777133,257.5920138
1570,sentence_1570.txt,0.17437768,257.7663915
1571,sentence_1571.txt,0.177064419,257.9434559
1572,sentence_1572.txt,0.115851879,258.0593078
1573,sentence_1573.txt,0.17309761,258.2324054
1574,sentence_1574.txt,0.196476698,258.4288821
1575,sentence_1575.txt,0.168199062,258.5970812
1576,sentence_1576.txt,0.24503994,258.8421211
1577,sentence_1577.txt,0.122083902,258.964205
1578,sentence_1578.txt,0.082394123,259.0465991
1579,sentence_1579.txt,0.123072624,259.1696718
1580,sentence_1580.txt,0.162107706,259.3317795
1581,sentence_1581.txt,0.104300499,259.43608
1582,sentence_1582.txt,0.083529234,259.5196092
1583,sentence_1583.txt,0.154301882,259.6739111
1584,sentence_1584.txt,0.19670558,259.8706167
1585,sentence_1585.txt,0.21437645,260.0849931
1586,sentence_1586.txt,0.14381218,260.2288053
1587,sentence_1587.txt,0.179806232,260.4086115
1588,sentence_1588.txt,0.148125648,260.5567372
1589,sentence_1589.txt,0.145902395,260.7026396
1590,sentence_1590.txt,0.151372433,260.854012
1591,sentence_1591.txt,0.174032927,261.0280449
1592,sentence_1592.txt,0.098776817,261.1268218
1593,sentence_1593.txt,0.159193277,261.286015
1594,sentence_1594.txt,0.142342567,261.4283576
1595,sentence_1595.txt,0.141409636,261.5697672
1596,sentence_1596.txt,0.356929302,261.9266965
1597,sentence_1597.txt,0.154102802,262.0807993
1598,sentence_1598.txt,0.163851738,262.2446511
1599,sentence_1599.txt,0.106485605,262.3511367
1600,sentence_1600.txt,0.193757057,262.5448937
1601,sentence_1601.txt,0.105521202,262.6504149
1602,sentence_1602.txt,0.078850031,262.729265
1603,sentence_1603.txt,0.16008234,262.8893473
1604,sentence_1604.txt,0.122755527,263.0121028
1605,sentence_1605.txt,0.104259491,263.1163623
1606,sentence_1606.txt,0.076221466,263.1925838
1607,sentence_1607.txt,0.127741337,263.3203251
1608,sentence_1608.txt,0.227551699,263.5478768
1609,sentence_1609.txt,0.196160078,263.7440369
1610,sentence_1610.txt,0.2115376,263.9555745
1611,sentence_1611.txt,0.198334455,264.153909
1612,sentence_1612.txt,0.177829266,264.3317382
1613,sentence_1613.txt,0.073689222,264.4054275
1614,sentence_1614.txt,0.091875315,264.4973028
1615,sentence_1615.txt,0.098701954,264.5960047
1616,sentence_1616.txt,0.079534531,264.6755393
1617,sentence_1617.txt,0.115308523,264.7908478
1618,sentence_1618.txt,0.167217016,264.9580648
1619,sentence_1619.txt,0.139967442,265.0980322
1620,sentence_1620.txt,0.468554974,265.5665872
1621,sentence_1621.txt,0.087100267,265.6536875
1622,sentence_1622.txt,0.171616077,265.8253036
1623,sentence_1623.txt,0.236253738,266.0615573
1624,sentence_1624.txt,0.129620314,266.1911776
1625,sentence_1625.txt,0.373068571,266.5642462
1626,sentence_1626.txt,0.159903288,266.7241495
1627,sentence_1627.txt,0.133990049,266.8581395
1628,sentence_1628.txt,0.486284733,267.3444242
1629,sentence_1629.txt,0.20793891,267.5523632
1630,sentence_1630.txt,0.146368265,267.6987314
1631,sentence_1631.txt,0.092509985,267.7912414
1632,sentence_1632.txt,0.119294167,267.9105356
1633,sentence_1633.txt,0.167959213,268.0784948
1634,sentence_1634.txt,0.154884815,268.2333796
1635,sentence_1635.txt,0.433093071,268.6664727
1636,sentence_1636.txt,0.1337502,268.8002229
1637,sentence_1637.txt,0.109167814,268.9093907
1638,sentence_1638.txt,0.095149755,269.0045404
1639,sentence_1639.txt,0.234102726,269.2386432
1640,sentence_1640.txt,0.165421009,269.4040642
1641,sentence_1641.txt,0.10009861,269.5041628
1642,sentence_1642.txt,0.197718859,269.7018816
1643,sentence_1643.txt,0.1655128,269.8673944
1644,sentence_1644.txt,0.208657503,270.076052
1645,sentence_1645.txt,0.125208855,270.2012608
1646,sentence_1646.txt,0.188450336,270.3897111
1647,sentence_1647.txt,0.142840147,270.5325513
1648,sentence_1648.txt,0.107373476,270.6399248
1649,sentence_1649.txt,0.235840082,270.8757648
1650,sentence_1650.txt,0.103813648,270.9795785
1651,sentence_1651.txt,0.111147642,271.0907261
1652,sentence_1652.txt,0.136300325,271.2270265
1653,sentence_1653.txt,0.157950163,271.3849766
1654,sentence_1654.txt,0.130675554,271.5156522
1655,sentence_1655.txt,0.124049425,271.6397016
1656,sentence_1656.txt,0.161888599,271.8015902
1657,sentence_1657.txt,0.148933411,271.9505236
1658,sentence_1658.txt,0.120958805,272.0714824
1659,sentence_1659.txt,0.16121769,272.2327001
1660,sentence_1660.txt,0.216965675,272.4496658
1661,sentence_1661.txt,0.12109971,272.5707655
1662,sentence_1662.txt,0.101600409,272.6723659
1663,sentence_1663.txt,0.090293169,272.7626591
1664,sentence_1664.txt,0.165990591,272.9286497
1665,sentence_1665.txt,0.115402937,273.0440526
1666,sentence_1666.txt,0.159501553,273.2035542
1667,sentence_1667.txt,0.104638338,273.3081925
1668,sentence_1668.txt,0.192828894,273.5010214
1669,sentence_1669.txt,0.166200876,273.6672223
1670,sentence_1670.txt,0.128200531,273.7954228
1671,sentence_1671.txt,0.25243187,274.0478547
1672,sentence_1672.txt,0.219227791,274.2670825
1673,sentence_1673.txt,0.125257015,274.3923395
1674,sentence_1674.txt,0.167190552,274.55953
1675,sentence_1675.txt,0.086304426,274.6458344
1676,sentence_1676.txt,0.151061535,274.796896
1677,sentence_1677.txt,0.167323828,274.9642198
1678,sentence_1678.txt,0.09186101,275.0560808
1679,sentence_1679.txt,0.150056839,275.2061377
1680,sentence_1680.txt,0.439895153,275.6460328
1681,sentence_1681.txt,0.074245691,275.7202785
1682,sentence_1682.txt,0.141275167,275.8615537
1683,sentence_1683.txt,0.149652958,276.0112066
1684,sentence_1684.txt,0.13724041,276.148447
1685,sentence_1685.txt,0.162976742,276.3114238
1686,sentence_1686.txt,0.131460667,276.4428844
1687,sentence_1687.txt,0.136108398,276.5789928
1688,sentence_1688.txt,0.10878253,276.6877754
1689,sentence_1689.txt,0.126193285,276.8139687
1690,sentence_1690.txt,0.164398432,276.9783671
1691,sentence_1691.txt,0.109632492,277.0879996
1692,sentence_1692.txt,0.111400604,277.1994002
1693,sentence_1693.txt,0.170377731,277.3697779
1694,sentence_1694.txt,0.094943047,277.464721
1695,sentence_1695.txt,0.133439302,277.5981603
1696,sentence_1696.txt,0.118788958,277.7169492
1697,sentence_1697.txt,0.095787287,277.8127365
1698,sentence_1698.txt,0.119537354,277.9322739
1699,sentence_1699.txt,0.105123043,278.0373969
1700,sentence_1700.txt,0.091769695,278.1291666
1701,sentence_1701.txt,0.127210855,278.2563775
1702,sentence_1702.txt,0.111752987,278.3681304
1703,sentence_1703.txt,0.139657021,278.5077875
1704,sentence_1704.txt,0.206644773,278.7144322
1705,sentence_1705.txt,0.149827719,278.86426
1706,sentence_1706.txt,0.117862701,278.9821227
1707,sentence_1707.txt,0.09120512,279.0733278
1708,sentence_1708.txt,0.181173563,279.2545013
1709,sentence_1709.txt,0.216867208,279.4713686
1710,sentence_1710.txt,0.159893274,279.6312618
1711,sentence_1711.txt,0.134628296,279.7658901
1712,sentence_1712.txt,0.165540695,279.9314308
1713,sentence_1713.txt,0.106291056,280.0377219
1714,sentence_1714.txt,0.106192112,280.143914
1715,sentence_1715.txt,0.226486206,280.3704002
1716,sentence_1716.txt,0.132925034,280.5033252
1717,sentence_1717.txt,0.145852089,280.6491773
1718,sentence_1718.txt,0.101065159,280.7502425
1719,sentence_1719.txt,0.21538043,280.9656229
1720,sentence_1720.txt,0.208822727,281.1744456
1721,sentence_1721.txt,0.164420128,281.3388658
1722,sentence_1722.txt,0.158955574,281.4978213
1723,sentence_1723.txt,0.121478081,281.6192994
1724,sentence_1724.txt,0.134975672,281.7542751
1725,sentence_1725.txt,0.135756493,281.8900316
1726,sentence_1726.txt,0.132019997,282.0220516
1727,sentence_1727.txt,0.109332561,282.1313841
1728,sentence_1728.txt,0.163971424,282.2953556
1729,sentence_1729.txt,0.082489729,282.3778453
1730,sentence_1730.txt,0.105880737,282.483726
1731,sentence_1731.txt,0.07017827,282.5539043
1732,sentence_1732.txt,0.213030577,282.7669349
1733,sentence_1733.txt,0.095760107,282.862695
1734,sentence_1734.txt,0.113288641,282.9759836
1735,sentence_1735.txt,0.163874149,283.1398578
1736,sentence_1736.txt,0.145672321,283.2855301
1737,sentence_1737.txt,0.13189292,283.417423
1738,sentence_1738.txt,0.103904009,283.521327
1739,sentence_1739.txt,0.15012002,283.671447
1740,sentence_1740.txt,0.207624912,283.879072
1741,sentence_1741.txt,0.097850323,283.9769223
1742,sentence_1742.txt,0.178075075,284.1549973
1743,sentence_1743.txt,0.135441065,284.2904384
1744,sentence_1744.txt,0.137948513,284.4283869
1745,sentence_1745.txt,0.0807693,284.5091562
1746,sentence_1746.txt,0.113576651,284.6227329
1747,sentence_1747.txt,0.084407091,284.70714
1748,sentence_1748.txt,0.11910224,284.8262422
1749,sentence_1749.txt,0.136991024,284.9632332
1750,sentence_1750.txt,0.164566994,285.1278002
1751,sentence_1751.txt,0.224622965,285.3524232
1752,sentence_1752.txt,0.147136688,285.4995599
1753,sentence_1753.txt,0.076563358,285.5761232
1754,sentence_1754.txt,0.304955959,285.8810792
1755,sentence_1755.txt,0.345651627,286.2267308
1756,sentence_1756.txt,0.130548477,286.3572793
1757,sentence_1757.txt,0.153336525,286.5106158
1758,sentence_1758.txt,0.130971909,286.6415877
1759,sentence_1759.txt,0.536192417,287.1777802
1760,sentence_1760.txt,0.120599985,287.2983801
1761,sentence_1761.txt,0.117738247,287.4161184
1762,sentence_1762.txt,0.210864544,287.6269829
1763,sentence_1763.txt,0.081828833,287.7088118
1764,sentence_1764.txt,0.088580132,287.7973919
1765,sentence_1765.txt,0.125406981,287.9227989
1766,sentence_1766.txt,0.171021938,288.0938208
1767,sentence_1767.txt,0.168425083,288.2622459
1768,sentence_1768.txt,0.192284822,288.4545307
1769,sentence_1769.txt,0.316093683,288.7706244
1770,sentence_1770.txt,0.197281361,288.9679058
1771,sentence_1771.txt,0.193373919,289.1612797
1772,sentence_1772.txt,0.152070284,289.31335
1773,sentence_1773.txt,0.122939348,289.4362893
1774,sentence_1774.txt,0.176550865,289.6128402
1775,sentence_1775.txt,0.101150513,289.7139907
1776,sentence_1776.txt,0.072230339,289.786221
1777,sentence_1777.txt,0.2053442,289.9915652
1778,sentence_1778.txt,0.135687828,290.1272531
1779,sentence_1779.txt,0.183652639,290.3109057
1780,sentence_1780.txt,0.138399601,290.4493053
1781,sentence_1781.txt,0.119505167,290.5688105
1782,sentence_1782.txt,0.127527237,290.6963377
1783,sentence_1783.txt,0.183027744,290.8793654
1784,sentence_1784.txt,0.170786858,291.0501523
1785,sentence_1785.txt,0.142484188,291.1926365
1786,sentence_1786.txt,0.160497665,291.3531342
1787,sentence_1787.txt,0.089496851,291.442631
1788,sentence_1788.txt,0.232091904,291.6747229
1789,sentence_1789.txt,0.187564373,291.8622873
1790,sentence_1790.txt,0.202768564,292.0650558
1791,sentence_1791.txt,0.142611027,292.2076669
1792,sentence_1792.txt,0.169309616,292.3769765
1793,sentence_1793.txt,0.161839008,292.5388155
1794,sentence_1794.txt,0.131538868,292.6703544
1795,sentence_1795.txt,0.169064283,292.8394186
1796,sentence_1796.txt,0.21042347,293.0498421
1797,sentence_1797.txt,0.109374285,293.1592164
1798,sentence_1798.txt,0.13082695,293.2900434
1799,sentence_1799.txt,0.120304108,293.4103475
1800,sentence_1800.txt,0.174407005,293.5847545
1801,sentence_1801.txt,0.197740316,293.7824948
1802,sentence_1802.txt,0.095250845,293.8777456
1803,sentence_1803.txt,0.094346046,293.9720917
1804,sentence_1804.txt,0.119358063,294.0914497
1805,sentence_1805.txt,0.135442734,294.2268925
1806,sentence_1806.txt,0.16990304,294.3967955
1807,sentence_1807.txt,0.114635229,294.5114307
1808,sentence_1808.txt,0.123660088,294.6350908
1809,sentence_1809.txt,0.166619539,294.8017104
1810,sentence_1810.txt,0.107283831,294.9089942
1811,sentence_1811.txt,0.07708478,294.986079
1812,sentence_1812.txt,0.142736673,295.1288157
1813,sentence_1813.txt,0.162756205,295.2915719
1814,sentence_1814.txt,0.134268045,295.4258399
1815,sentence_1815.txt,0.104814529,295.5306544
1816,sentence_1816.txt,0.179922104,295.7105765
1817,sentence_1817.txt,0.226298571,295.9368751
1818,sentence_1818.txt,0.164915085,296.1017902
1819,sentence_1819.txt,0.163158178,296.2649484
1820,sentence_1820.txt,0.14371562,296.408664
