sentence_index,Input_file_name,runtime_to_process
911,sentence_911.txt,5.107773542404175
1009,sentence_1009.txt,0.41744399070739746
1282,sentence_1282.txt,0.13751530647277832
1318,sentence_1318.txt,0.14059066772460938
990,sentence_990.txt,0.19403529167175293
426,sentence_426.txt,0.15540599822998047
865,sentence_865.txt,0.13834214210510254
250,sentence_250.txt,0.11029911041259766
698,sentence_698.txt,0.10786581039428711
1365,sentence_1365.txt,0.11461949348449707
959,sentence_959.txt,0.10367536544799805
632,sentence_632.txt,0.1371324062347412
116,sentence_116.txt,0.0825493335723877
308,sentence_308.txt,0.12361764907836914
1146,sentence_1146.txt,0.16431975364685059
1127,sentence_1127.txt,0.15646719932556152
1505,sentence_1505.txt,0.31676793098449707
283,sentence_283.txt,0.08726000785827637
1083,sentence_1083.txt,0.29163026809692383
1797,sentence_1797.txt,0.0881967544555664
1078,sentence_1078.txt,0.11447548866271973
1649,sentence_1649.txt,0.08023452758789062
496,sentence_496.txt,0.09777164459228516
57,sentence_57.txt,0.14791011810302734
877,sentence_877.txt,0.1595606803894043
1734,sentence_1734.txt,0.13141894340515137
1605,sentence_1605.txt,0.11657261848449707
243,sentence_243.txt,0.1089169979095459
1268,sentence_1268.txt,0.15671253204345703
1577,sentence_1577.txt,0.10914254188537598
1692,sentence_1692.txt,0.09798240661621094
1516,sentence_1516.txt,0.1433255672454834
480,sentence_480.txt,0.09979844093322754
359,sentence_359.txt,0.057106971740722656
343,sentence_343.txt,0.16545891761779785
1047,sentence_1047.txt,0.16498613357543945
371,sentence_371.txt,0.08806443214416504
711,sentence_711.txt,0.11740255355834961
1771,sentence_1771.txt,0.18982791900634766
1777,sentence_1777.txt,0.19880986213684082
1358,sentence_1358.txt,0.10268259048461914
329,sentence_329.txt,0.06071782112121582
407,sentence_407.txt,0.1568756103515625
265,sentence_265.txt,0.17827320098876953
1149,sentence_1149.txt,0.0976405143737793
98,sentence_98.txt,0.2166767120361328
421,sentence_421.txt,0.17217254638671875
709,sentence_709.txt,0.13731861114501953
1669,sentence_1669.txt,0.1530923843383789
1687,sentence_1687.txt,0.11358428001403809
1021,sentence_1021.txt,0.11058759689331055
15,sentence_15.txt,0.12938547134399414
1436,sentence_1436.txt,0.14687490463256836
915,sentence_915.txt,0.1117086410522461
457,sentence_457.txt,0.13144707679748535
529,sentence_529.txt,0.12580466270446777
313,sentence_313.txt,0.09595751762390137
1007,sentence_1007.txt,0.10694169998168945
922,sentence_922.txt,0.26539111137390137
1779,sentence_1779.txt,0.17065191268920898
590,sentence_590.txt,0.20747756958007812
1345,sentence_1345.txt,0.2036728858947754
1521,sentence_1521.txt,0.11161208152770996
1046,sentence_1046.txt,0.1329352855682373
1610,sentence_1610.txt,0.2150590419769287
636,sentence_636.txt,0.1267683506011963
1391,sentence_1391.txt,0.16073179244995117
648,sentence_648.txt,0.09380698204040527
1542,sentence_1542.txt,0.0560908317565918
514,sentence_514.txt,0.1508946418762207
859,sentence_859.txt,0.15654873847961426
275,sentence_275.txt,0.09887862205505371
8,sentence_8.txt,0.08715367317199707
1628,sentence_1628.txt,0.47205090522766113
234,sentence_234.txt,0.0739295482635498
1617,sentence_1617.txt,0.09411931037902832
1768,sentence_1768.txt,0.16313886642456055
459,sentence_459.txt,0.07364773750305176
1097,sentence_1097.txt,0.7708919048309326
1098,sentence_1098.txt,0.12697768211364746
762,sentence_762.txt,0.09888744354248047
808,sentence_808.txt,0.1514136791229248
450,sentence_450.txt,0.14355206489562988
1755,sentence_1755.txt,0.3264925479888916
948,sentence_948.txt,0.2914729118347168
1514,sentence_1514.txt,0.08086371421813965
1699,sentence_1699.txt,0.08970117568969727
531,sentence_531.txt,0.0988919734954834
1,sentence_1.txt,0.06368803977966309
803,sentence_803.txt,0.4932575225830078
812,sentence_812.txt,0.08850431442260742
647,sentence_647.txt,0.13477826118469238
1478,sentence_1478.txt,0.1642317771911621
1602,sentence_1602.txt,0.05539059638977051
277,sentence_277.txt,0.19002819061279297
263,sentence_263.txt,0.12887358665466309
1176,sentence_1176.txt,0.11811232566833496
1722,sentence_1722.txt,0.1519460678100586
1467,sentence_1467.txt,0.4035654067993164
482,sentence_482.txt,0.07646942138671875
188,sentence_188.txt,0.08216023445129395
1435,sentence_1435.txt,0.09850287437438965
726,sentence_726.txt,0.13717961311340332
213,sentence_213.txt,0.11369156837463379
1549,sentence_1549.txt,0.10738182067871094
1501,sentence_1501.txt,0.10099434852600098
559,sentence_559.txt,0.18975496292114258
563,sentence_563.txt,0.10570931434631348
552,sentence_552.txt,0.04213285446166992
1407,sentence_1407.txt,0.07481241226196289
448,sentence_448.txt,0.1478869915008545
1161,sentence_1161.txt,0.09826302528381348
333,sentence_333.txt,0.24041438102722168
291,sentence_291.txt,0.134063720703125
569,sentence_569.txt,0.18558740615844727
1142,sentence_1142.txt,0.14951705932617188
1638,sentence_1638.txt,0.07933449745178223
99,sentence_99.txt,0.22360610961914062
594,sentence_594.txt,0.17834091186523438
599,sentence_599.txt,0.09598255157470703
1740,sentence_1740.txt,0.18807172775268555
1201,sentence_1201.txt,0.1788020133972168
1788,sentence_1788.txt,0.23261475563049316
1445,sentence_1445.txt,0.12414073944091797
896,sentence_896.txt,0.11040258407592773
821,sentence_821.txt,0.16535091400146484
1579,sentence_1579.txt,0.11326003074645996
565,sentence_565.txt,0.07689476013183594
267,sentence_267.txt,0.15262818336486816
738,sentence_738.txt,0.08988666534423828
846,sentence_846.txt,0.14502191543579102
845,sentence_845.txt,0.13801956176757812
908,sentence_908.txt,0.16014981269836426
1066,sentence_1066.txt,0.08872342109680176
534,sentence_534.txt,0.2053825855255127
1040,sentence_1040.txt,0.05602836608886719
174,sentence_174.txt,0.1285724639892578
1314,sentence_1314.txt,0.08176279067993164
1316,sentence_1316.txt,0.1830129623413086
791,sentence_791.txt,0.08507180213928223
678,sentence_678.txt,0.14171981811523438
1634,sentence_1634.txt,0.13583016395568848
780,sentence_780.txt,0.0711677074432373
1224,sentence_1224.txt,0.14872527122497559
392,sentence_392.txt,0.37158918380737305
1614,sentence_1614.txt,0.08622527122497559
690,sentence_690.txt,0.14325761795043945
1370,sentence_1370.txt,0.16294336318969727
1691,sentence_1691.txt,0.10197877883911133
1280,sentence_1280.txt,0.656630277633667
1110,sentence_1110.txt,0.4452667236328125
1477,sentence_1477.txt,0.11169600486755371
298,sentence_298.txt,0.09964799880981445
228,sentence_228.txt,0.16577482223510742
1494,sentence_1494.txt,0.10206055641174316
59,sentence_59.txt,0.12342214584350586
1455,sentence_1455.txt,0.11270499229431152
1657,sentence_1657.txt,0.12885141372680664
1375,sentence_1375.txt,0.35460829734802246
1258,sentence_1258.txt,0.11885499954223633
615,sentence_615.txt,0.1564159393310547
733,sentence_733.txt,0.11367130279541016
973,sentence_973.txt,0.23352289199829102
66,sentence_66.txt,0.08276724815368652
4,sentence_4.txt,0.0637199878692627
1094,sentence_1094.txt,0.1181478500366211
756,sentence_756.txt,0.2054765224456787
1529,sentence_1529.txt,0.07026934623718262
1336,sentence_1336.txt,0.08087611198425293
882,sentence_882.txt,0.17149090766906738
1312,sentence_1312.txt,0.20479846000671387
110,sentence_110.txt,0.2165367603302002
276,sentence_276.txt,0.12902593612670898
190,sentence_190.txt,0.08136653900146484
253,sentence_253.txt,0.17834091186523438
903,sentence_903.txt,0.09384679794311523
113,sentence_113.txt,0.14386606216430664
602,sentence_602.txt,0.08648133277893066
1674,sentence_1674.txt,0.15515542030334473
1367,sentence_1367.txt,0.0443265438079834
523,sentence_523.txt,0.07563328742980957
1278,sentence_1278.txt,0.1376638412475586
661,sentence_661.txt,0.21183085441589355
1252,sentence_1252.txt,0.11203193664550781
1015,sentence_1015.txt,0.07583808898925781
485,sentence_485.txt,0.08919525146484375
1546,sentence_1546.txt,0.05658316612243652
1655,sentence_1655.txt,0.07941198348999023
1572,sentence_1572.txt,0.09664726257324219
597,sentence_597.txt,0.16228103637695312
402,sentence_402.txt,0.10296177864074707
1685,sentence_1685.txt,0.12210559844970703
1497,sentence_1497.txt,0.09456181526184082
947,sentence_947.txt,0.06703376770019531
1817,sentence_1817.txt,0.20996689796447754
351,sentence_351.txt,0.20225954055786133
607,sentence_607.txt,0.08577537536621094
941,sentence_941.txt,0.4641838073730469
494,sentence_494.txt,0.16543269157409668
768,sentence_768.txt,0.05345582962036133
1533,sentence_1533.txt,0.11192631721496582
1729,sentence_1729.txt,0.07591605186462402
1423,sentence_1423.txt,0.1307237148284912
1589,sentence_1589.txt,0.1212913990020752
294,sentence_294.txt,0.1253955364227295
1556,sentence_1556.txt,0.15032196044921875
1012,sentence_1012.txt,0.15339040756225586
1300,sentence_1300.txt,0.0797266960144043
1069,sentence_1069.txt,0.4987821578979492
666,sentence_666.txt,0.1792006492614746
80,sentence_80.txt,0.23341917991638184
245,sentence_245.txt,0.11974668502807617
1583,sentence_1583.txt,0.14609360694885254
490,sentence_490.txt,0.1319291591644287
1059,sentence_1059.txt,0.042603254318237305
1789,sentence_1789.txt,0.17224526405334473
479,sentence_479.txt,0.10359954833984375
180,sentence_180.txt,0.11974143981933594
719,sentence_719.txt,0.1750493049621582
251,sentence_251.txt,0.2307438850402832
994,sentence_994.txt,0.11417818069458008
781,sentence_781.txt,0.09557366371154785
1296,sentence_1296.txt,0.37282705307006836
391,sentence_391.txt,0.09714198112487793
1255,sentence_1255.txt,0.07163810729980469
412,sentence_412.txt,0.14411664009094238
579,sentence_579.txt,0.10443878173828125
1208,sentence_1208.txt,0.16513919830322266
1651,sentence_1651.txt,0.09449315071105957
976,sentence_976.txt,0.10236191749572754
1120,sentence_1120.txt,0.1482553482055664
299,sentence_299.txt,0.12093734741210938
985,sentence_985.txt,0.14004039764404297
300,sentence_300.txt,0.13648676872253418
491,sentence_491.txt,0.26406335830688477
29,sentence_29.txt,0.10206866264343262
232,sentence_232.txt,0.11783671379089355
1173,sentence_1173.txt,0.17455458641052246
712,sentence_712.txt,0.07757282257080078
1182,sentence_1182.txt,0.09761619567871094
1383,sentence_1383.txt,0.09181571006774902
87,sentence_87.txt,0.2079463005065918
717,sentence_717.txt,0.12088537216186523
1024,sentence_1024.txt,0.06230592727661133
775,sentence_775.txt,0.2165062427520752
206,sentence_206.txt,0.07090592384338379
47,sentence_47.txt,0.0986778736114502
981,sentence_981.txt,0.11920380592346191
1103,sentence_1103.txt,0.18720316886901855
1671,sentence_1671.txt,0.24573349952697754
1068,sentence_1068.txt,0.1035623550415039
833,sentence_833.txt,0.0635077953338623
1538,sentence_1538.txt,0.12030029296875
1299,sentence_1299.txt,0.11350440979003906
460,sentence_460.txt,0.10910987854003906
892,sentence_892.txt,0.08415937423706055
1627,sentence_1627.txt,0.11013293266296387
1733,sentence_1733.txt,0.07473278045654297
1675,sentence_1675.txt,0.06415009498596191
674,sentence_674.txt,0.11579108238220215
1571,sentence_1571.txt,0.16626811027526855
536,sentence_536.txt,0.07291507720947266
1123,sentence_1123.txt,0.10180854797363281
501,sentence_501.txt,0.1170358657836914
619,sentence_619.txt,0.12068486213684082
1256,sentence_1256.txt,0.04730391502380371
1470,sentence_1470.txt,0.18409442901611328
1767,sentence_1767.txt,0.16027569770812988
1766,sentence_1766.txt,0.15882158279418945
94,sentence_94.txt,0.2111215591430664
1805,sentence_1805.txt,0.12660455703735352
778,sentence_778.txt,0.10540533065795898
1752,sentence_1752.txt,0.12774109840393066
1601,sentence_1601.txt,0.10897111892700195
1238,sentence_1238.txt,0.0981595516204834
1782,sentence_1782.txt,0.1172647476196289
1063,sentence_1063.txt,0.10934305191040039
1341,sentence_1341.txt,0.08555936813354492
1508,sentence_1508.txt,0.14188075065612793
1211,sentence_1211.txt,0.1218423843383789
1562,sentence_1562.txt,0.12924838066101074
408,sentence_408.txt,0.27626562118530273
89,sentence_89.txt,0.14619994163513184
879,sentence_879.txt,0.11630845069885254
548,sentence_548.txt,0.1312260627746582
318,sentence_318.txt,0.11447024345397949
1611,sentence_1611.txt,0.17396855354309082
1163,sentence_1163.txt,0.10898947715759277
1333,sentence_1333.txt,0.12677979469299316
101,sentence_101.txt,0.19616198539733887
1195,sentence_1195.txt,0.11512374877929688
680,sentence_680.txt,0.1451561450958252
1217,sentence_1217.txt,0.1906452178955078
398,sentence_398.txt,0.09403681755065918
390,sentence_390.txt,0.1936357021331787
1743,sentence_1743.txt,0.12404584884643555
581,sentence_581.txt,0.07270240783691406
1449,sentence_1449.txt,0.07613968849182129
1726,sentence_1726.txt,0.10568523406982422
1349,sentence_1349.txt,0.0759115219116211
1667,sentence_1667.txt,0.08674192428588867
1305,sentence_1305.txt,0.16117000579833984
1111,sentence_1111.txt,0.10622024536132812
52,sentence_52.txt,0.07791829109191895
673,sentence_673.txt,0.10293078422546387
1525,sentence_1525.txt,0.03656172752380371
1565,sentence_1565.txt,0.1506636142730713
820,sentence_820.txt,0.11406970024108887
325,sentence_325.txt,0.09309267997741699
342,sentence_342.txt,0.07185745239257812
1107,sentence_1107.txt,0.0827631950378418
1531,sentence_1531.txt,0.15181708335876465
154,sentence_154.txt,0.13709378242492676
617,sentence_617.txt,0.0895237922668457
966,sentence_966.txt,0.0995168685913086
728,sentence_728.txt,0.11422348022460938
170,sentence_170.txt,0.4377727508544922
713,sentence_713.txt,0.08954501152038574
742,sentence_742.txt,0.2574307918548584
886,sentence_886.txt,0.0997161865234375
44,sentence_44.txt,0.15323090553283691
1547,sentence_1547.txt,0.11162328720092773
506,sentence_506.txt,0.16186857223510742
854,sentence_854.txt,0.1375892162322998
303,sentence_303.txt,0.2671236991882324
978,sentence_978.txt,0.13373851776123047
312,sentence_312.txt,0.2291252613067627
1539,sentence_1539.txt,0.13013505935668945
1084,sentence_1084.txt,0.11887073516845703
874,sentence_874.txt,0.14312291145324707
814,sentence_814.txt,0.0773921012878418
417,sentence_417.txt,0.10900497436523438
346,sentence_346.txt,0.40819597244262695
740,sentence_740.txt,0.09825778007507324
839,sentence_839.txt,0.11147761344909668
1329,sentence_1329.txt,0.15134716033935547
1124,sentence_1124.txt,0.08368515968322754
1129,sentence_1129.txt,0.19022607803344727
1540,sentence_1540.txt,0.12914490699768066
916,sentence_916.txt,0.09456348419189453
102,sentence_102.txt,0.07251977920532227
1544,sentence_1544.txt,0.3351433277130127
1757,sentence_1757.txt,0.13917946815490723
177,sentence_177.txt,0.09861445426940918
897,sentence_897.txt,0.12432384490966797
1749,sentence_1749.txt,0.12650609016418457
147,sentence_147.txt,0.0753929615020752
612,sentence_612.txt,0.12871146202087402
196,sentence_196.txt,0.15598154067993164
258,sentence_258.txt,0.13303160667419434
1104,sentence_1104.txt,0.10079407691955566
71,sentence_71.txt,0.1739497184753418
1791,sentence_1791.txt,0.12923336029052734
1576,sentence_1576.txt,0.2301502227783203
588,sentence_588.txt,0.2328050136566162
867,sentence_867.txt,0.10599184036254883
767,sentence_767.txt,0.1457507610321045
743,sentence_743.txt,0.04494285583496094
899,sentence_899.txt,0.5602672100067139
486,sentence_486.txt,0.1740572452545166
623,sentence_623.txt,0.08425617218017578
447,sentence_447.txt,0.1536259651184082
1486,sentence_1486.txt,0.08494782447814941
625,sentence_625.txt,0.12427496910095215
835,sentence_835.txt,0.36151790618896484
1763,sentence_1763.txt,0.07246041297912598
1807,sentence_1807.txt,0.09629225730895996
1377,sentence_1377.txt,0.15575790405273438
306,sentence_306.txt,0.0724782943725586
1644,sentence_1644.txt,0.18904829025268555
1550,sentence_1550.txt,0.23632001876831055
1802,sentence_1802.txt,0.07903599739074707
1745,sentence_1745.txt,0.07231903076171875
1548,sentence_1548.txt,0.15407323837280273
823,sentence_823.txt,0.47680211067199707
1434,sentence_1434.txt,0.15252113342285156
1264,sentence_1264.txt,0.08824443817138672
414,sentence_414.txt,0.08798408508300781
584,sentence_584.txt,0.2097311019897461
128,sentence_128.txt,0.1498546600341797
1616,sentence_1616.txt,0.055816650390625
645,sentence_645.txt,0.3593254089355469
1664,sentence_1664.txt,0.14133429527282715
32,sentence_32.txt,0.13980937004089355
1770,sentence_1770.txt,0.18193650245666504
606,sentence_606.txt,0.14203834533691406
1132,sentence_1132.txt,0.09418940544128418
689,sentence_689.txt,0.12398004531860352
478,sentence_478.txt,0.10769367218017578
1158,sentence_1158.txt,0.3263425827026367
1426,sentence_1426.txt,0.07184720039367676
1263,sentence_1263.txt,0.1197962760925293
1259,sentence_1259.txt,0.5226824283599854
1778,sentence_1778.txt,0.11746954917907715
360,sentence_360.txt,0.05668330192565918
1043,sentence_1043.txt,0.19028878211975098
556,sentence_556.txt,0.07903814315795898
630,sentence_630.txt,0.14551138877868652
1311,sentence_1311.txt,0.07007551193237305
1701,sentence_1701.txt,0.16270828247070312
586,sentence_586.txt,0.10735011100769043
409,sentence_409.txt,0.07174921035766602
115,sentence_115.txt,0.14636445045471191
1353,sentence_1353.txt,0.14296793937683105
1248,sentence_1248.txt,0.03856778144836426
651,sentence_651.txt,0.1316685676574707
1409,sentence_1409.txt,0.11678481101989746
268,sentence_268.txt,0.11073184013366699
152,sentence_152.txt,0.06608343124389648
696,sentence_696.txt,0.1606285572052002
1438,sentence_1438.txt,0.11231732368469238
467,sentence_467.txt,0.09693145751953125
518,sentence_518.txt,0.07660627365112305
1360,sentence_1360.txt,0.09779787063598633
387,sentence_387.txt,0.1242213249206543
1662,sentence_1662.txt,0.09208321571350098
320,sentence_320.txt,0.35808563232421875
1652,sentence_1652.txt,0.13173317909240723
961,sentence_961.txt,0.10871100425720215
1641,sentence_1641.txt,0.08006858825683594
721,sentence_721.txt,0.07277679443359375
832,sentence_832.txt,0.18090152740478516
362,sentence_362.txt,0.08724522590637207
1373,sentence_1373.txt,0.11627364158630371
1509,sentence_1509.txt,0.10994505882263184
1292,sentence_1292.txt,0.1184089183807373
1198,sentence_1198.txt,0.12892889976501465
335,sentence_335.txt,0.09816169738769531
1476,sentence_1476.txt,0.1974475383758545
1552,sentence_1552.txt,0.15942025184631348
1178,sentence_1178.txt,0.16922664642333984
60,sentence_60.txt,0.18993234634399414
1168,sentence_1168.txt,0.14719343185424805
611,sentence_611.txt,0.15984368324279785
912,sentence_912.txt,0.07343077659606934
1192,sentence_1192.txt,0.10465645790100098
173,sentence_173.txt,0.12481141090393066
671,sentence_671.txt,0.11958813667297363
189,sentence_189.txt,0.10449862480163574
923,sentence_923.txt,0.12498283386230469
1352,sentence_1352.txt,0.16648173332214355
1666,sentence_1666.txt,0.1501636505126953
627,sentence_627.txt,0.1096656322479248
334,sentence_334.txt,0.1085059642791748
1483,sentence_1483.txt,0.08611512184143066
761,sentence_761.txt,0.11222553253173828
1245,sentence_1245.txt,0.10049724578857422
328,sentence_328.txt,0.10469269752502441
365,sentence_365.txt,0.10550785064697266
1257,sentence_1257.txt,0.17241406440734863
1077,sentence_1077.txt,0.17304563522338867
1606,sentence_1606.txt,0.0908961296081543
1222,sentence_1222.txt,0.08115291595458984
210,sentence_210.txt,0.16656875610351562
384,sentence_384.txt,0.07475948333740234
1308,sentence_1308.txt,0.08462882041931152
83,sentence_83.txt,0.08180475234985352
1233,sentence_1233.txt,0.1548142433166504
1812,sentence_1812.txt,0.16554903984069824
1058,sentence_1058.txt,0.11164999008178711
207,sentence_207.txt,0.14402294158935547
785,sentence_785.txt,0.05830955505371094
183,sentence_183.txt,0.1924576759338379
65,sentence_65.txt,0.054274559020996094
1806,sentence_1806.txt,0.16487550735473633
1207,sentence_1207.txt,0.2317981719970703
1344,sentence_1344.txt,0.14629483222961426
849,sentence_849.txt,0.11737966537475586
317,sentence_317.txt,0.07204127311706543
1468,sentence_1468.txt,0.054620981216430664
1537,sentence_1537.txt,0.15946698188781738
1048,sentence_1048.txt,0.2409524917602539
38,sentence_38.txt,0.11749625205993652
1030,sentence_1030.txt,0.12811732292175293
301,sentence_301.txt,0.14052891731262207
376,sentence_376.txt,0.11356997489929199
1631,sentence_1631.txt,0.07070326805114746
107,sentence_107.txt,0.4112405776977539
1118,sentence_1118.txt,0.12530255317687988
1783,sentence_1783.txt,0.16612482070922852
1366,sentence_1366.txt,0.08922243118286133
186,sentence_186.txt,0.11437487602233887
1488,sentence_1488.txt,0.12092924118041992
1283,sentence_1283.txt,0.3351399898529053
138,sentence_138.txt,0.07943320274353027
1167,sentence_1167.txt,0.10657286643981934
133,sentence_133.txt,0.0839684009552002
1730,sentence_1730.txt,0.08380293846130371
375,sentence_375.txt,0.17325067520141602
1148,sentence_1148.txt,0.13306331634521484
757,sentence_757.txt,0.08345937728881836
688,sentence_688.txt,0.1035921573638916
1493,sentence_1493.txt,0.10108828544616699
68,sentence_68.txt,0.14527201652526855
187,sentence_187.txt,0.10461616516113281
1057,sentence_1057.txt,0.12792634963989258
452,sentence_452.txt,0.24709200859069824
1117,sentence_1117.txt,0.283322811126709
1150,sentence_1150.txt,0.23358416557312012
1180,sentence_1180.txt,0.08581328392028809
655,sentence_655.txt,0.10654258728027344
842,sentence_842.txt,0.13552069664001465
972,sentence_972.txt,0.054405927658081055
302,sentence_302.txt,0.22231221199035645
481,sentence_481.txt,0.36832380294799805
1041,sentence_1041.txt,0.09938406944274902
27,sentence_27.txt,0.06591105461120605
585,sentence_585.txt,0.3252730369567871
515,sentence_515.txt,0.20766139030456543
522,sentence_522.txt,0.10468125343322754
22,sentence_22.txt,0.2093830108642578
1331,sentence_1331.txt,0.6212644577026367
834,sentence_834.txt,0.11331582069396973
1251,sentence_1251.txt,0.1016855239868164
622,sentence_622.txt,0.09369564056396484
626,sentence_626.txt,0.11836409568786621
311,sentence_311.txt,0.11007237434387207
825,sentence_825.txt,0.14384245872497559
1751,sentence_1751.txt,0.2121737003326416
684,sentence_684.txt,0.11819076538085938
1382,sentence_1382.txt,0.15695786476135254
97,sentence_97.txt,0.12154245376586914
428,sentence_428.txt,0.07877326011657715
1622,sentence_1622.txt,0.14831042289733887
430,sentence_430.txt,0.2979586124420166
939,sentence_939.txt,0.08478140830993652
1590,sentence_1590.txt,0.13338208198547363
162,sentence_162.txt,0.14964008331298828
1424,sentence_1424.txt,0.10384392738342285
211,sentence_211.txt,0.09785699844360352
1697,sentence_1697.txt,0.08051514625549316
1490,sentence_1490.txt,0.09368610382080078
1307,sentence_1307.txt,0.05858039855957031
1372,sentence_1372.txt,0.13021373748779297
1175,sentence_1175.txt,0.12669134140014648
925,sentence_925.txt,0.14806842803955078
1363,sentence_1363.txt,0.1417860984802246
861,sentence_861.txt,0.06377983093261719
1679,sentence_1679.txt,0.11177682876586914
695,sentence_695.txt,0.2855360507965088
676,sentence_676.txt,0.1782665252685547
1112,sentence_1112.txt,0.08074140548706055
1122,sentence_1122.txt,0.12210893630981445
319,sentence_319.txt,0.1353001594543457
1648,sentence_1648.txt,0.08788800239562988
1189,sentence_1189.txt,0.10091495513916016
465,sentence_465.txt,0.13805937767028809
1598,sentence_1598.txt,0.1186223030090332
513,sentence_513.txt,0.1612989902496338
707,sentence_707.txt,0.0496821403503418
1075,sentence_1075.txt,0.09758234024047852
753,sentence_753.txt,0.04282259941101074
1738,sentence_1738.txt,0.08719921112060547
669,sentence_669.txt,0.17073488235473633
1532,sentence_1532.txt,0.10837936401367188
699,sentence_699.txt,0.1174616813659668
1518,sentence_1518.txt,0.07503652572631836
1188,sentence_1188.txt,0.24257874488830566
270,sentence_270.txt,0.09639596939086914
1584,sentence_1584.txt,0.18372750282287598
1395,sentence_1395.txt,0.1517326831817627
1114,sentence_1114.txt,0.14122748374938965
822,sentence_822.txt,0.11229085922241211
573,sentence_573.txt,0.16362237930297852
943,sentence_943.txt,0.12796926498413086
722,sentence_722.txt,0.32576584815979004
1555,sentence_1555.txt,0.1342172622680664
229,sentence_229.txt,0.1757667064666748
423,sentence_423.txt,0.17564105987548828
1712,sentence_1712.txt,0.14981603622436523
913,sentence_913.txt,0.127760648727417
1091,sentence_1091.txt,0.06284642219543457
305,sentence_305.txt,0.16135239601135254
745,sentence_745.txt,0.05846571922302246
322,sentence_322.txt,0.17480921745300293
792,sentence_792.txt,0.05455803871154785
952,sentence_952.txt,0.1239321231842041
1534,sentence_1534.txt,0.14786481857299805
1480,sentence_1480.txt,0.14688944816589355
667,sentence_667.txt,0.10999679565429688
58,sentence_58.txt,0.08326983451843262
1795,sentence_1795.txt,0.14516758918762207
86,sentence_86.txt,0.05687093734741211
166,sentence_166.txt,0.15854573249816895
381,sentence_381.txt,0.12115001678466797
1369,sentence_1369.txt,0.06966447830200195
178,sentence_178.txt,0.14218878746032715
1458,sentence_1458.txt,0.05780959129333496
704,sentence_704.txt,0.18251514434814453
1810,sentence_1810.txt,0.07964468002319336
353,sentence_353.txt,0.04798436164855957
1637,sentence_1637.txt,0.08224797248840332
595,sentence_595.txt,0.20330262184143066
576,sentence_576.txt,0.06855034828186035
1425,sentence_1425.txt,0.08083248138427734
1093,sentence_1093.txt,0.17642593383789062
372,sentence_372.txt,0.03374886512756348
1626,sentence_1626.txt,0.14684700965881348
1469,sentence_1469.txt,0.09665107727050781
765,sentence_765.txt,0.3109307289123535
936,sentence_936.txt,0.09304070472717285
104,sentence_104.txt,0.13476848602294922
1392,sentence_1392.txt,0.0470128059387207
551,sentence_551.txt,0.04253554344177246
817,sentence_817.txt,0.2869384288787842
1174,sentence_1174.txt,0.1652355194091797
1001,sentence_1001.txt,0.1749420166015625
1465,sentence_1465.txt,0.10664606094360352
1715,sentence_1715.txt,0.24352669715881348
386,sentence_386.txt,0.1420741081237793
297,sentence_297.txt,0.160675048828125
1351,sentence_1351.txt,0.06417274475097656
284,sentence_284.txt,0.16480565071105957
153,sentence_153.txt,0.07837319374084473
238,sentence_238.txt,0.07112956047058105
5,sentence_5.txt,0.22843194007873535
463,sentence_463.txt,0.1105804443359375
894,sentence_894.txt,0.18374228477478027
11,sentence_11.txt,0.17280268669128418
261,sentence_261.txt,0.16867661476135254
1753,sentence_1753.txt,0.056371212005615234
14,sentence_14.txt,0.1724228858947754
1566,sentence_1566.txt,0.11306428909301758
440,sentence_440.txt,0.1220862865447998
1427,sentence_1427.txt,0.07433557510375977
1390,sentence_1390.txt,0.12144017219543457
34,sentence_34.txt,0.08209586143493652
724,sentence_724.txt,0.10119366645812988
1361,sentence_1361.txt,0.1630246639251709
252,sentence_252.txt,0.2337956428527832
1130,sentence_1130.txt,0.13153672218322754
1213,sentence_1213.txt,0.05795550346374512
1708,sentence_1708.txt,0.15354561805725098
504,sentence_504.txt,0.06730079650878906
181,sentence_181.txt,0.1157829761505127
1765,sentence_1765.txt,0.0518646240234375
974,sentence_974.txt,0.10485649108886719
509,sentence_509.txt,0.14030981063842773
1796,sentence_1796.txt,0.20006704330444336
660,sentence_660.txt,0.1595606803894043
1073,sentence_1073.txt,0.1143498420715332
1676,sentence_1676.txt,0.14485812187194824
914,sentence_914.txt,0.12783336639404297
1536,sentence_1536.txt,0.13315534591674805
492,sentence_492.txt,0.05697751045227051
1748,sentence_1748.txt,0.11119222640991211
1070,sentence_1070.txt,0.49496006965637207
339,sentence_339.txt,0.08473992347717285
77,sentence_77.txt,0.1586756706237793
1108,sentence_1108.txt,0.07717156410217285
816,sentence_816.txt,0.24485039710998535
1421,sentence_1421.txt,0.07410168647766113
1683,sentence_1683.txt,0.13056302070617676
1079,sentence_1079.txt,0.12971901893615723
225,sentence_225.txt,0.20308423042297363
995,sentence_995.txt,0.05568647384643555
1816,sentence_1816.txt,0.1740734577178955
1115,sentence_1115.txt,0.07088661193847656
1665,sentence_1665.txt,0.09852385520935059
495,sentence_495.txt,0.17173457145690918
192,sentence_192.txt,0.15717530250549316
1042,sentence_1042.txt,0.12924933433532715
860,sentence_860.txt,0.058667898178100586
1487,sentence_1487.txt,0.14883875846862793
557,sentence_557.txt,0.11209988594055176
542,sentence_542.txt,0.3703131675720215
127,sentence_127.txt,0.14307522773742676
1567,sentence_1567.txt,0.3214561939239502
1457,sentence_1457.txt,0.07129788398742676
732,sentence_732.txt,0.10272026062011719
1035,sentence_1035.txt,0.09354472160339355
714,sentence_714.txt,0.06432557106018066
664,sentence_664.txt,0.10634040832519531
1081,sentence_1081.txt,0.13820099830627441
906,sentence_906.txt,0.06418776512145996
624,sentence_624.txt,0.5274269580841064
449,sentence_449.txt,0.06556415557861328
858,sentence_858.txt,0.17299151420593262
1452,sentence_1452.txt,0.12997889518737793
1082,sentence_1082.txt,0.5874857902526855
3,sentence_3.txt,0.167938232421875
78,sentence_78.txt,0.12049746513366699
73,sentence_73.txt,0.12339162826538086
1216,sentence_1216.txt,0.14359569549560547
727,sentence_727.txt,0.09579062461853027
119,sentence_119.txt,0.08729219436645508
259,sentence_259.txt,0.07968258857727051
1587,sentence_1587.txt,0.165205717086792
168,sentence_168.txt,0.17667341232299805
530,sentence_530.txt,0.12224149703979492
1645,sentence_1645.txt,0.09971761703491211
1303,sentence_1303.txt,0.06362104415893555
587,sentence_587.txt,0.11710691452026367
418,sentence_418.txt,0.16384458541870117
1155,sentence_1155.txt,0.11933207511901855
984,sentence_984.txt,0.16567349433898926
634,sentence_634.txt,0.10669660568237305
887,sentence_887.txt,0.1868748664855957
977,sentence_977.txt,0.06114697456359863
1506,sentence_1506.txt,0.09669876098632812
240,sentence_240.txt,0.15093755722045898
1288,sentence_1288.txt,0.47968339920043945
747,sentence_747.txt,0.12781834602355957
1034,sentence_1034.txt,0.31299662590026855
685,sentence_685.txt,0.16192865371704102
1619,sentence_1619.txt,0.1220848560333252
1678,sentence_1678.txt,0.05792093276977539
1362,sentence_1362.txt,0.0839383602142334
1707,sentence_1707.txt,0.07698321342468262
526,sentence_526.txt,0.14189815521240234
1090,sentence_1090.txt,0.05178499221801758
609,sentence_609.txt,0.14223122596740723
1461,sentence_1461.txt,0.07855463027954102
1261,sentence_1261.txt,0.3600504398345947
1317,sentence_1317.txt,0.28642940521240234
639,sentence_639.txt,0.11152863502502441
1736,sentence_1736.txt,0.12847423553466797
145,sentence_145.txt,0.12221360206604004
285,sentence_285.txt,0.1085805892944336
1625,sentence_1625.txt,0.35118985176086426
437,sentence_437.txt,0.07450580596923828
500,sentence_500.txt,0.1130220890045166
1723,sentence_1723.txt,0.06696605682373047
1716,sentence_1716.txt,0.11332559585571289
1240,sentence_1240.txt,0.17722034454345703
1162,sentence_1162.txt,0.12161540985107422
455,sentence_455.txt,0.22720026969909668
19,sentence_19.txt,0.19708967208862305
1202,sentence_1202.txt,0.1443483829498291
794,sentence_794.txt,0.0846107006072998
274,sentence_274.txt,0.07103204727172852
1747,sentence_1747.txt,0.06733584403991699
425,sentence_425.txt,0.14832687377929688
67,sentence_67.txt,0.14635014533996582
826,sentence_826.txt,0.04300546646118164
621,sentence_621.txt,0.05304861068725586
769,sentence_769.txt,0.10108399391174316
396,sentence_396.txt,0.12486410140991211
771,sentence_771.txt,0.156585693359375
1152,sentence_1152.txt,0.0983889102935791
21,sentence_21.txt,0.0582425594329834
883,sentence_883.txt,0.25157976150512695
24,sentence_24.txt,0.46546268463134766
1593,sentence_1593.txt,0.3220796585083008
382,sentence_382.txt,0.1760571002960205
752,sentence_752.txt,0.1937859058380127
330,sentence_330.txt,0.19994115829467773
1085,sentence_1085.txt,0.10633349418640137
1659,sentence_1659.txt,0.1230020523071289
637,sentence_637.txt,0.07448267936706543
1568,sentence_1568.txt,0.13138151168823242
1301,sentence_1301.txt,0.03769326210021973
416,sentence_416.txt,0.11912798881530762
1706,sentence_1706.txt,0.08150959014892578
824,sentence_824.txt,0.22340130805969238
1811,sentence_1811.txt,0.0603485107421875
1633,sentence_1633.txt,0.12076759338378906
249,sentence_249.txt,0.0814056396484375
818,sentence_818.txt,0.20088505744934082
575,sentence_575.txt,0.08777928352355957
1302,sentence_1302.txt,0.12172460556030273
54,sentence_54.txt,0.08780384063720703
477,sentence_477.txt,0.14695239067077637
788,sentence_788.txt,0.14724135398864746
571,sentence_571.txt,0.1893939971923828
1380,sentence_1380.txt,0.24455881118774414
471,sentence_471.txt,0.18088269233703613
1286,sentence_1286.txt,0.12023806571960449
718,sentence_718.txt,0.11735916137695312
980,sentence_980.txt,0.1567668914794922
1339,sentence_1339.txt,0.12901544570922852
72,sentence_72.txt,0.4717440605163574
1787,sentence_1787.txt,0.05366635322570801
1053,sentence_1053.txt,0.11918354034423828
1277,sentence_1277.txt,0.13718605041503906
1154,sentence_1154.txt,0.10380411148071289
1401,sentence_1401.txt,0.21074175834655762
997,sentence_997.txt,0.16999292373657227
1724,sentence_1724.txt,0.11714744567871094
76,sentence_76.txt,0.17134833335876465
1504,sentence_1504.txt,0.1520543098449707
341,sentence_341.txt,0.09108996391296387
1276,sentence_1276.txt,0.10475468635559082
214,sentence_214.txt,0.08469796180725098
799,sentence_799.txt,0.29509496688842773
838,sentence_838.txt,0.19765853881835938
1563,sentence_1563.txt,0.2150743007659912
150,sentence_150.txt,0.08561468124389648
254,sentence_254.txt,0.09563684463500977
458,sentence_458.txt,0.5411036014556885
1761,sentence_1761.txt,0.09369802474975586
1128,sentence_1128.txt,0.10009074211120605
368,sentence_368.txt,0.07573151588439941
1413,sentence_1413.txt,0.0835886001586914
1319,sentence_1319.txt,0.17051410675048828
1484,sentence_1484.txt,0.11034679412841797
295,sentence_295.txt,0.1505591869354248
361,sentence_361.txt,0.14125919342041016
1199,sentence_1199.txt,0.09190917015075684
926,sentence_926.txt,0.08932065963745117
122,sentence_122.txt,0.12030863761901855
521,sentence_521.txt,0.050212860107421875
442,sentence_442.txt,0.17646336555480957
264,sentence_264.txt,0.16375422477722168
1491,sentence_1491.txt,0.11084675788879395
1681,sentence_1681.txt,0.06366991996765137
242,sentence_242.txt,0.14446234703063965
1136,sentence_1136.txt,0.11162590980529785
1441,sentence_1441.txt,0.12657880783081055
1321,sentence_1321.txt,0.09252643585205078
112,sentence_112.txt,0.09116029739379883
227,sentence_227.txt,0.19447588920593262
1326,sentence_1326.txt,0.165604829788208
41,sentence_41.txt,0.11490821838378906
493,sentence_493.txt,0.06153130531311035
763,sentence_763.txt,0.12745451927185059
593,sentence_593.txt,0.12183713912963867
255,sentence_255.txt,0.07717108726501465
1028,sentence_1028.txt,0.15524792671203613
1320,sentence_1320.txt,0.08514666557312012
1253,sentence_1253.txt,0.30025601387023926
1808,sentence_1808.txt,0.08660507202148438
1249,sentence_1249.txt,0.18681049346923828
451,sentence_451.txt,0.06933426856994629
1474,sentence_1474.txt,0.23312854766845703
649,sentence_649.txt,0.33524465560913086
560,sentence_560.txt,0.1971437931060791
405,sentence_405.txt,0.14338374137878418
497,sentence_497.txt,0.15381288528442383
1080,sentence_1080.txt,0.11692404747009277
439,sentence_439.txt,0.5111210346221924
538,sentence_538.txt,0.11886262893676758
146,sentence_146.txt,0.08673691749572754
1442,sentence_1442.txt,0.14257359504699707
348,sentence_348.txt,0.1096491813659668
1285,sentence_1285.txt,0.14178872108459473
1014,sentence_1014.txt,0.32570624351501465
1746,sentence_1746.txt,0.08704185485839844
562,sentence_562.txt,0.1349494457244873
108,sentence_108.txt,0.23740267753601074
1350,sentence_1350.txt,0.09097433090209961
453,sentence_453.txt,0.11849427223205566
1772,sentence_1772.txt,0.12271738052368164
869,sentence_869.txt,0.0920865535736084
288,sentence_288.txt,0.13863873481750488
1374,sentence_1374.txt,0.12344574928283691
878,sentence_878.txt,0.12023282051086426
708,sentence_708.txt,0.07666277885437012
608,sentence_608.txt,0.0700826644897461
62,sentence_62.txt,0.15625715255737305
1265,sentence_1265.txt,0.05428624153137207
992,sentence_992.txt,0.12216496467590332
324,sentence_324.txt,0.09494900703430176
949,sentence_949.txt,0.09753942489624023
1653,sentence_1653.txt,0.13346552848815918
114,sentence_114.txt,0.11243724822998047
964,sentence_964.txt,0.06734251976013184
1582,sentence_1582.txt,0.05447053909301758
88,sentence_88.txt,0.19867920875549316
256,sentence_256.txt,0.13160252571105957
774,sentence_774.txt,0.08694958686828613
2,sentence_2.txt,0.06145787239074707
476,sentence_476.txt,0.13804173469543457
1578,sentence_1578.txt,0.05745983123779297
1191,sentence_1191.txt,0.0749361515045166
1744,sentence_1744.txt,0.11396956443786621
1612,sentence_1612.txt,0.15918302536010742
668,sentence_668.txt,0.10321760177612305
1609,sentence_1609.txt,0.18029522895812988
419,sentence_419.txt,0.062001943588256836
1575,sentence_1575.txt,0.14151930809020996
982,sentence_982.txt,0.11040830612182617
1273,sentence_1273.txt,0.15436410903930664
1422,sentence_1422.txt,0.4172484874725342
1272,sentence_1272.txt,0.07647061347961426
1517,sentence_1517.txt,0.1719059944152832
141,sentence_141.txt,0.11841821670532227
191,sentence_191.txt,0.13068008422851562
1065,sentence_1065.txt,0.07124114036560059
866,sentence_866.txt,0.11025285720825195
1022,sentence_1022.txt,0.08629179000854492
1203,sentence_1203.txt,0.14378786087036133
1668,sentence_1668.txt,0.17495298385620117
1725,sentence_1725.txt,0.08970117568969727
1291,sentence_1291.txt,0.06728863716125488
681,sentence_681.txt,0.061858415603637695
1515,sentence_1515.txt,0.10389471054077148
1686,sentence_1686.txt,0.0871422290802002
1680,sentence_1680.txt,0.42655372619628906
461,sentence_461.txt,0.07153511047363281
1025,sentence_1025.txt,0.08223533630371094
851,sentence_851.txt,0.10671782493591309
470,sentence_470.txt,0.1253364086151123
953,sentence_953.txt,0.4199802875518799
1785,sentence_1785.txt,0.11428499221801758
369,sentence_369.txt,0.21008896827697754
940,sentence_940.txt,0.13873839378356934
1496,sentence_1496.txt,0.1127009391784668
1698,sentence_1698.txt,0.08928418159484863
554,sentence_554.txt,0.09309101104736328
760,sentence_760.txt,0.08931875228881836
404,sentence_404.txt,0.12673711776733398
656,sentence_656.txt,0.1290578842163086
527,sentence_527.txt,0.0880577564239502
1013,sentence_1013.txt,0.25736212730407715
436,sentence_436.txt,0.06618547439575195
1340,sentence_1340.txt,0.10026979446411133
746,sentence_746.txt,0.14672112464904785
483,sentence_483.txt,0.11102557182312012
1654,sentence_1654.txt,0.09653615951538086
730,sentence_730.txt,0.10030412673950195
1574,sentence_1574.txt,0.14581084251403809
793,sentence_793.txt,0.21570539474487305
802,sentence_802.txt,0.12840533256530762
31,sentence_31.txt,0.13645410537719727
135,sentence_135.txt,0.1380155086517334
1183,sentence_1183.txt,0.12343597412109375
466,sentence_466.txt,0.11086845397949219
508,sentence_508.txt,0.14167237281799316
1396,sentence_1396.txt,0.1087794303894043
1039,sentence_1039.txt,0.11762499809265137
1462,sentence_1462.txt,0.061397552490234375
691,sentence_691.txt,0.14456844329833984
1460,sentence_1460.txt,0.1101846694946289
367,sentence_367.txt,0.16299724578857422
205,sentence_205.txt,0.1161661148071289
1419,sentence_1419.txt,0.05159759521484375
880,sentence_880.txt,0.14554166793823242
1485,sentence_1485.txt,0.34911131858825684
1247,sentence_1247.txt,0.11205005645751953
427,sentence_427.txt,0.3182086944580078
1177,sentence_1177.txt,0.09477519989013672
1735,sentence_1735.txt,0.15645408630371094
1244,sentence_1244.txt,0.18298721313476562
580,sentence_580.txt,0.08850383758544922
1225,sentence_1225.txt,0.1943063735961914
1006,sentence_1006.txt,0.15012097358703613
1762,sentence_1762.txt,0.199965238571167
1629,sentence_1629.txt,0.18308401107788086
1187,sentence_1187.txt,0.27844882011413574
770,sentence_770.txt,0.11760377883911133
1133,sentence_1133.txt,0.16571879386901855
1466,sentence_1466.txt,0.14166831970214844
1507,sentence_1507.txt,0.7565593719482422
784,sentence_784.txt,0.14694666862487793
533,sentence_533.txt,0.12981748580932617
1354,sentence_1354.txt,0.14969182014465332
469,sentence_469.txt,0.16506385803222656
503,sentence_503.txt,0.0592041015625
61,sentence_61.txt,0.11368680000305176
983,sentence_983.txt,0.2297227382659912
1643,sentence_1643.txt,0.1468048095703125
1702,sentence_1702.txt,0.10888099670410156
142,sentence_142.txt,0.1347055435180664
1031,sentence_1031.txt,0.11616110801696777
789,sentence_789.txt,0.12256479263305664
42,sentence_42.txt,0.05100512504577637
1190,sentence_1190.txt,0.14195561408996582
1052,sentence_1052.txt,0.09260201454162598
675,sentence_675.txt,0.12567973136901855
95,sentence_95.txt,0.16585373878479004
677,sentence_677.txt,0.29345130920410156
434,sentence_434.txt,0.2076566219329834
1759,sentence_1759.txt,0.486041784286499
591,sentence_591.txt,0.16892600059509277
0,sentence_0.txt,0.05455279350280762
109,sentence_109.txt,0.11537885665893555
902,sentence_902.txt,0.04973030090332031
946,sentence_946.txt,0.15641164779663086
220,sentence_220.txt,0.12859177589416504
321,sentence_321.txt,0.10993218421936035
1705,sentence_1705.txt,0.11746621131896973
13,sentence_13.txt,0.14971590042114258
1016,sentence_1016.txt,0.07413077354431152
208,sentence_208.txt,0.17899799346923828
553,sentence_553.txt,0.14012908935546875
422,sentence_422.txt,0.10385918617248535
1092,sentence_1092.txt,0.23784589767456055
1359,sentence_1359.txt,0.3125479221343994
786,sentence_786.txt,0.11064291000366211
28,sentence_28.txt,0.1583876609802246
566,sentence_566.txt,0.20260119438171387
891,sentence_891.txt,0.17144203186035156
744,sentence_744.txt,0.12149238586425781
904,sentence_904.txt,0.1166386604309082
1704,sentence_1704.txt,0.18117547035217285
380,sentence_380.txt,0.08186006546020508
1624,sentence_1624.txt,0.09678077697753906
783,sentence_783.txt,0.10485696792602539
1580,sentence_1580.txt,0.1444103717803955
1234,sentence_1234.txt,0.10853004455566406
1781,sentence_1781.txt,0.09857058525085449
1630,sentence_1630.txt,0.11546468734741211
1386,sentence_1386.txt,0.11000633239746094
582,sentence_582.txt,0.13750147819519043
1520,sentence_1520.txt,0.06066751480102539
389,sentence_389.txt,0.10922598838806152
729,sentence_729.txt,0.08014512062072754
1315,sentence_1315.txt,0.06404662132263184
484,sentence_484.txt,0.08125638961791992
737,sentence_737.txt,0.10135746002197266
366,sentence_366.txt,0.12578225135803223
640,sentence_640.txt,0.11295080184936523
314,sentence_314.txt,0.1290569305419922
1595,sentence_1595.txt,0.1071622371673584
1471,sentence_1471.txt,0.12651538848876953
393,sentence_393.txt,0.13022994995117188
1125,sentence_1125.txt,0.026562929153442383
23,sentence_23.txt,0.08711123466491699
1271,sentence_1271.txt,0.07197809219360352
613,sentence_613.txt,0.06879925727844238
1355,sentence_1355.txt,0.2291421890258789
945,sentence_945.txt,0.14603567123413086
1304,sentence_1304.txt,0.1069040298461914
1313,sentence_1313.txt,0.08643007278442383
1086,sentence_1086.txt,0.06287503242492676
1554,sentence_1554.txt,0.22870373725891113
433,sentence_433.txt,0.17185020446777344
578,sentence_578.txt,0.10023832321166992
1003,sentence_1003.txt,0.05142569541931152
403,sentence_403.txt,0.30217528343200684
1230,sentence_1230.txt,0.09257221221923828
895,sentence_895.txt,0.040534019470214844
1406,sentence_1406.txt,0.09535360336303711
755,sentence_755.txt,0.14377593994140625
269,sentence_269.txt,0.0972745418548584
406,sentence_406.txt,0.16004323959350586
1137,sentence_1137.txt,0.1045079231262207
1072,sentence_1072.txt,0.11525416374206543
1044,sentence_1044.txt,0.08405494689941406
1229,sentence_1229.txt,0.11237502098083496
1801,sentence_1801.txt,0.1570141315460205
415,sentence_415.txt,0.05073714256286621
1592,sentence_1592.txt,0.07751607894897461
246,sentence_246.txt,0.05248260498046875
610,sentence_610.txt,0.07456564903259277
631,sentence_631.txt,0.17788219451904297
1670,sentence_1670.txt,0.08970093727111816
100,sentence_100.txt,0.037688255310058594
1481,sentence_1481.txt,0.11980557441711426
1786,sentence_1786.txt,0.13253307342529297
1451,sentence_1451.txt,0.06052827835083008
420,sentence_420.txt,0.05141925811767578
975,sentence_975.txt,0.2268071174621582
400,sentence_400.txt,0.07095980644226074
807,sentence_807.txt,0.09191775321960449
759,sentence_759.txt,0.10588383674621582
223,sentence_223.txt,0.13597631454467773
1769,sentence_1769.txt,0.2913391590118408
358,sentence_358.txt,0.03314852714538574
1439,sentence_1439.txt,0.11802434921264648
893,sentence_893.txt,0.13529634475708008
63,sentence_63.txt,0.2502892017364502
1711,sentence_1711.txt,0.11578536033630371
1774,sentence_1774.txt,0.15144085884094238
39,sentence_39.txt,0.06281018257141113
650,sentence_650.txt,0.09977245330810547
163,sentence_163.txt,0.2728579044342041
888,sentence_888.txt,0.11368131637573242
464,sentence_464.txt,0.13443303108215332
1018,sentence_1018.txt,0.1682448387145996
209,sentence_209.txt,0.13721370697021484
772,sentence_772.txt,0.11703896522521973
221,sentence_221.txt,0.12853479385375977
445,sentence_445.txt,0.22935771942138672
614,sentence_614.txt,0.04480719566345215
1393,sentence_1393.txt,0.14376330375671387
577,sentence_577.txt,0.11505937576293945
850,sentence_850.txt,0.09487223625183105
388,sentence_388.txt,0.1136620044708252
805,sentence_805.txt,0.13112497329711914
1503,sentence_1503.txt,0.1037302017211914
957,sentence_957.txt,0.18323087692260742
1023,sentence_1023.txt,0.16822242736816406
1389,sentence_1389.txt,0.16564369201660156
286,sentence_286.txt,0.1470472812652588
1293,sentence_1293.txt,0.11628341674804688
74,sentence_74.txt,0.138824462890625
224,sentence_224.txt,0.13573741912841797
683,sentence_683.txt,0.15312933921813965
1512,sentence_1512.txt,0.15064263343811035
352,sentence_352.txt,0.0808413028717041
1431,sentence_1431.txt,0.09220695495605469
472,sentence_472.txt,0.12359929084777832
1416,sentence_1416.txt,0.21180057525634766
498,sentence_498.txt,0.11230611801147461
989,sentence_989.txt,0.12570548057556152
193,sentence_193.txt,0.13678193092346191
175,sentence_175.txt,0.1503152847290039
356,sentence_356.txt,0.15327763557434082
1221,sentence_1221.txt,0.10430550575256348
169,sentence_169.txt,0.07704329490661621
572,sentence_572.txt,0.15305709838867188
935,sentence_935.txt,0.1318957805633545
1193,sentence_1193.txt,0.13539695739746094
157,sentence_157.txt,0.06690621376037598
550,sentence_550.txt,0.1626424789428711
1100,sentence_1100.txt,0.0987236499786377
156,sentence_156.txt,0.1415574550628662
1513,sentence_1513.txt,0.150803804397583
429,sentence_429.txt,0.11823010444641113
517,sentence_517.txt,0.1683347225189209
1186,sentence_1186.txt,0.11586117744445801
937,sentence_937.txt,0.0617213249206543
1608,sentence_1608.txt,0.2007761001586914
1055,sentence_1055.txt,0.10009407997131348
544,sentence_544.txt,0.07552242279052734
561,sentence_561.txt,0.10083794593811035
930,sentence_930.txt,0.15138959884643555
702,sentence_702.txt,0.08734369277954102
1660,sentence_1660.txt,0.18215632438659668
6,sentence_6.txt,0.12866616249084473
1209,sentence_1209.txt,0.20881891250610352
1215,sentence_1215.txt,0.033678293228149414
1298,sentence_1298.txt,0.08532452583312988
731,sentence_731.txt,0.08801388740539551
715,sentence_715.txt,0.1659870147705078
963,sentence_963.txt,0.13433098793029785
1636,sentence_1636.txt,0.11607599258422852
43,sentence_43.txt,0.23898935317993164
1703,sentence_1703.txt,0.11949706077575684
1399,sentence_1399.txt,0.12631487846374512
798,sentence_798.txt,0.11038017272949219
665,sentence_665.txt,0.04624533653259277
1428,sentence_1428.txt,0.1290905475616455
266,sentence_266.txt,0.09604120254516602
134,sentence_134.txt,0.06931781768798828
1364,sentence_1364.txt,0.04404330253601074
682,sentence_682.txt,0.06276226043701172
841,sentence_841.txt,0.1793980598449707
1196,sentence_1196.txt,0.16638755798339844
813,sentence_813.txt,0.05200648307800293
864,sentence_864.txt,0.25366663932800293
1646,sentence_1646.txt,0.14809679985046387
958,sentence_958.txt,0.1504960060119629
1254,sentence_1254.txt,0.33628320693969727
736,sentence_736.txt,0.13285446166992188
35,sentence_35.txt,0.06266164779663086
1165,sentence_1165.txt,0.0814371109008789
900,sentence_900.txt,0.09415626525878906
1551,sentence_1551.txt,0.1410996913909912
741,sentence_741.txt,0.07580423355102539
1760,sentence_1760.txt,0.062075138092041016
751,sentence_751.txt,0.04102277755737305
473,sentence_473.txt,0.21176481246948242
18,sentence_18.txt,0.1426088809967041
1179,sentence_1179.txt,0.0852360725402832
1510,sentence_1510.txt,0.07333540916442871
545,sentence_545.txt,0.19348716735839844
782,sentence_782.txt,0.4953467845916748
1062,sentence_1062.txt,0.1594982147216797
1200,sentence_1200.txt,0.27992916107177734
364,sentence_364.txt,0.1116335391998291
1600,sentence_1600.txt,0.16234683990478516
1721,sentence_1721.txt,0.1385490894317627
574,sentence_574.txt,0.10044670104980469
653,sentence_653.txt,0.061702728271484375
1545,sentence_1545.txt,0.18773555755615234
735,sentence_735.txt,0.1416032314300537
1038,sentence_1038.txt,0.11294126510620117
144,sentence_144.txt,0.09517240524291992
33,sentence_33.txt,0.13065242767333984
1295,sentence_1295.txt,0.13598942756652832
1172,sentence_1172.txt,0.0596005916595459
723,sentence_723.txt,0.09743714332580566
1228,sentence_1228.txt,0.05869030952453613
53,sentence_53.txt,0.0794823169708252
1599,sentence_1599.txt,0.08445525169372559
1400,sentence_1400.txt,0.11588239669799805
663,sentence_663.txt,0.1657705307006836
1731,sentence_1731.txt,0.05020880699157715
1792,sentence_1792.txt,0.1460256576538086
171,sentence_171.txt,0.0957033634185791
938,sentence_938.txt,0.1086430549621582
1067,sentence_1067.txt,0.17281150817871094
1718,sentence_1718.txt,0.07117509841918945
942,sentence_942.txt,0.1352217197418213
567,sentence_567.txt,0.08090567588806152
218,sentence_218.txt,0.18685555458068848
84,sentence_84.txt,0.07362174987792969
148,sentence_148.txt,0.10430026054382324
1794,sentence_1794.txt,0.09786486625671387
1239,sentence_1239.txt,0.296860933303833
435,sentence_435.txt,0.14969158172607422
1151,sentence_1151.txt,0.10560917854309082
620,sentence_620.txt,0.036257028579711914
1527,sentence_1527.txt,0.11690092086791992
920,sentence_920.txt,0.11088800430297852
248,sentence_248.txt,0.07410788536071777
1446,sentence_1446.txt,0.11006021499633789
1181,sentence_1181.txt,0.09494566917419434
377,sentence_377.txt,0.1590714454650879
1682,sentence_1682.txt,0.10236477851867676
1054,sentence_1054.txt,0.0598297119140625
917,sentence_917.txt,0.0528109073638916
796,sentence_796.txt,0.14055275917053223
475,sentence_475.txt,0.269193172454834
345,sentence_345.txt,0.0884237289428711
139,sentence_139.txt,0.16857695579528809
618,sentence_618.txt,0.12369203567504883
811,sentence_811.txt,0.10297060012817383
1720,sentence_1720.txt,0.17121410369873047
1159,sentence_1159.txt,0.13917946815490723
1126,sentence_1126.txt,0.12204170227050781
1231,sentence_1231.txt,0.0639498233795166
1011,sentence_1011.txt,0.12137889862060547
955,sentence_955.txt,0.17607903480529785
1337,sentence_1337.txt,0.09392118453979492
226,sentence_226.txt,0.1095888614654541
307,sentence_307.txt,0.08351635932922363
293,sentence_293.txt,0.08533143997192383
1166,sentence_1166.txt,0.38141751289367676
1564,sentence_1564.txt,0.13388466835021973
1020,sentence_1020.txt,0.11050629615783691
1695,sentence_1695.txt,0.10027003288269043
1113,sentence_1113.txt,0.20047664642333984
1713,sentence_1713.txt,0.06913137435913086
1101,sentence_1101.txt,0.08251333236694336
1597,sentence_1597.txt,0.12414145469665527
1241,sentence_1241.txt,0.11119389533996582
278,sentence_278.txt,0.07963800430297852
1323,sentence_1323.txt,0.039554595947265625
383,sentence_383.txt,0.11527872085571289
1274,sentence_1274.txt,0.12378239631652832
499,sentence_499.txt,0.09079504013061523
933,sentence_933.txt,0.13589262962341309
280,sentence_280.txt,0.18371963500976562
596,sentence_596.txt,0.24778151512145996
1482,sentence_1482.txt,0.10144639015197754
1325,sentence_1325.txt,0.12177515029907227
394,sentence_394.txt,0.10130906105041504
239,sentence_239.txt,0.12481093406677246
1388,sentence_1388.txt,0.027548789978027344
289,sentence_289.txt,0.05993199348449707
36,sentence_36.txt,0.06211566925048828
1690,sentence_1690.txt,0.13723182678222656
1266,sentence_1266.txt,0.03429460525512695
1819,sentence_1819.txt,0.11101865768432617
1776,sentence_1776.txt,0.04331469535827637
179,sentence_179.txt,0.08934760093688965
511,sentence_511.txt,0.3149683475494385
875,sentence_875.txt,0.15918874740600586
1440,sentence_1440.txt,0.09473896026611328
1232,sentence_1232.txt,0.09343361854553223
165,sentence_165.txt,0.11622500419616699
555,sentence_555.txt,0.11905717849731445
603,sentence_603.txt,0.12801814079284668
344,sentence_344.txt,0.07718634605407715
1433,sentence_1433.txt,0.09326171875
1095,sentence_1095.txt,0.11561799049377441
881,sentence_881.txt,0.42992520332336426
659,sentence_659.txt,0.11796736717224121
1561,sentence_1561.txt,0.12762212753295898
323,sentence_323.txt,0.19658350944519043
815,sentence_815.txt,0.09753727912902832
1472,sentence_1472.txt,0.16893744468688965
164,sentence_164.txt,0.07236766815185547
1528,sentence_1528.txt,0.18686223030090332
1269,sentence_1269.txt,0.11270880699157715
931,sentence_931.txt,0.1573479175567627
444,sentence_444.txt,0.16574692726135254
1585,sentence_1585.txt,0.1787881851196289
1121,sentence_1121.txt,0.14101338386535645
1134,sentence_1134.txt,0.14039206504821777
198,sentence_198.txt,0.10532641410827637
921,sentence_921.txt,0.05805373191833496
969,sentence_969.txt,0.12409329414367676
1410,sentence_1410.txt,0.07029008865356445
1492,sentence_1492.txt,0.0647580623626709
1145,sentence_1145.txt,0.07158923149108887
910,sentence_910.txt,0.10416984558105469
143,sentence_143.txt,0.05545663833618164
1677,sentence_1677.txt,0.14040398597717285
424,sentence_424.txt,0.04944777488708496
1673,sentence_1673.txt,0.09327888488769531
628,sentence_628.txt,0.08698391914367676
1717,sentence_1717.txt,0.11581206321716309
520,sentence_520.txt,0.13003826141357422
1588,sentence_1588.txt,0.14798855781555176
524,sentence_524.txt,0.22517085075378418
1212,sentence_1212.txt,0.18371915817260742
928,sentence_928.txt,0.11899137496948242
1479,sentence_1479.txt,0.18285679817199707
934,sentence_934.txt,0.0729365348815918
96,sentence_96.txt,0.11382293701171875
998,sentence_998.txt,0.13251304626464844
954,sentence_954.txt,0.09827399253845215
804,sentence_804.txt,0.09251737594604492
431,sentence_431.txt,0.3947408199310303
873,sentence_873.txt,0.16788864135742188
309,sentence_309.txt,0.09953904151916504
64,sentence_64.txt,0.1230924129486084
1799,sentence_1799.txt,0.09615850448608398
1138,sentence_1138.txt,0.0733184814453125
1623,sentence_1623.txt,0.19282174110412598
1250,sentence_1250.txt,0.07227516174316406
1322,sentence_1322.txt,0.13954472541809082
1803,sentence_1803.txt,0.07101297378540039
924,sentence_924.txt,0.04722237586975098
797,sentence_797.txt,0.061020612716674805
75,sentence_75.txt,0.12690997123718262
1613,sentence_1613.txt,0.04178905487060547
56,sentence_56.txt,0.13907766342163086
901,sentence_901.txt,0.13664793968200684
1027,sentence_1027.txt,0.08102011680603027
155,sentence_155.txt,0.09466838836669922
105,sentence_105.txt,0.04762411117553711
304,sentence_304.txt,0.35442137718200684
1197,sentence_1197.txt,0.14365649223327637
1741,sentence_1741.txt,0.06589341163635254
7,sentence_7.txt,0.22111845016479492
160,sentence_160.txt,0.07747507095336914
1454,sentence_1454.txt,0.16502904891967773
1139,sentence_1139.txt,0.1543738842010498
129,sentence_129.txt,0.1309983730316162
847,sentence_847.txt,0.16933536529541016
1530,sentence_1530.txt,0.14965176582336426
185,sentence_185.txt,0.1379857063293457
1475,sentence_1475.txt,0.16030669212341309
136,sentence_136.txt,0.13553643226623535
909,sentence_909.txt,0.19517898559570312
1581,sentence_1581.txt,0.07644295692443848
635,sentence_635.txt,0.09504222869873047
103,sentence_103.txt,0.14042091369628906
766,sentence_766.txt,0.03986525535583496
638,sentence_638.txt,0.23327016830444336
1147,sentence_1147.txt,0.06479310989379883
385,sentence_385.txt,0.06512665748596191
1448,sentence_1448.txt,0.1669154167175293
777,sentence_777.txt,0.12211370468139648
870,sentence_870.txt,0.10921454429626465
347,sentence_347.txt,0.09032058715820312
1267,sentence_1267.txt,0.05571436882019043
987,sentence_987.txt,0.1492471694946289
694,sentence_694.txt,0.13491559028625488
589,sentence_589.txt,0.2558774948120117
672,sentence_672.txt,0.14377140998840332
26,sentence_26.txt,0.10473346710205078
411,sentence_411.txt,0.08328747749328613
241,sentence_241.txt,0.06583809852600098
1820,sentence_1820.txt,0.11598396301269531
338,sentence_338.txt,0.11377906799316406
999,sentence_999.txt,0.1351628303527832
204,sentence_204.txt,0.0929405689239502
337,sentence_337.txt,0.20688271522521973
219,sentence_219.txt,0.1188957691192627
1773,sentence_1773.txt,0.10013937950134277
564,sentence_564.txt,0.07996392250061035
1596,sentence_1596.txt,0.32993364334106445
662,sentence_662.txt,0.10428547859191895
919,sentence_919.txt,0.08439946174621582
120,sentence_120.txt,0.06916952133178711
1656,sentence_1656.txt,0.13373732566833496
1418,sentence_1418.txt,0.1247861385345459
151,sentence_151.txt,0.20205020904541016
49,sentence_49.txt,0.07843971252441406
212,sentence_212.txt,0.02478313446044922
1553,sentence_1553.txt,0.08797836303710938
1169,sentence_1169.txt,0.11502528190612793
281,sentence_281.txt,0.06602048873901367
37,sentence_37.txt,0.05087399482727051
1693,sentence_1693.txt,0.13471770286560059
898,sentence_898.txt,0.28804969787597656
1088,sentence_1088.txt,0.23117637634277344
1342,sentence_1342.txt,0.1802818775177002
1404,sentence_1404.txt,0.09121561050415039
965,sentence_965.txt,0.16137290000915527
9,sentence_9.txt,0.0624384880065918
996,sentence_996.txt,0.1063227653503418
1604,sentence_1604.txt,0.08457756042480469
1294,sentence_1294.txt,0.11760759353637695
235,sentence_235.txt,0.15169000625610352
828,sentence_828.txt,0.13048887252807617
1064,sentence_1064.txt,0.1630237102508545
12,sentence_12.txt,0.13243460655212402
287,sentence_287.txt,0.076873779296875
1144,sentence_1144.txt,0.07358074188232422
446,sentence_446.txt,0.07719564437866211
260,sentence_260.txt,0.08898043632507324
876,sentence_876.txt,0.06435346603393555
1279,sentence_1279.txt,0.09645676612854004
1102,sentence_1102.txt,0.12661266326904297
354,sentence_354.txt,0.20102882385253906
1343,sentence_1343.txt,0.07681083679199219
489,sentence_489.txt,0.09518241882324219
1357,sentence_1357.txt,0.09724044799804688
1815,sentence_1815.txt,0.08344626426696777
45,sentence_45.txt,0.13731145858764648
809,sentence_809.txt,0.04407048225402832
1160,sentence_1160.txt,0.15418434143066406
1459,sentence_1459.txt,0.056606292724609375
1719,sentence_1719.txt,0.19048094749450684
1689,sentence_1689.txt,0.08786797523498535
750,sentence_750.txt,0.2733757495880127
764,sentence_764.txt,0.1043398380279541
871,sentence_871.txt,0.13149547576904297
776,sentence_776.txt,0.13921213150024414
1818,sentence_1818.txt,0.14922690391540527
642,sentence_642.txt,0.07313203811645508
363,sentence_363.txt,0.09689211845397949
1219,sentence_1219.txt,0.2829115390777588
652,sentence_652.txt,0.1499924659729004
1164,sentence_1164.txt,0.09948086738586426
1309,sentence_1309.txt,0.17788171768188477
331,sentence_331.txt,0.19307351112365723
137,sentence_137.txt,0.03795909881591797
1709,sentence_1709.txt,0.1847996711730957
1737,sentence_1737.txt,0.12418985366821289
1443,sentence_1443.txt,0.2857553958892822
262,sentence_262.txt,0.1167147159576416
1543,sentence_1543.txt,0.123931884765625
1287,sentence_1287.txt,0.09357309341430664
601,sentence_601.txt,0.10082101821899414
857,sentence_857.txt,0.11588764190673828
1262,sentence_1262.txt,0.14814090728759766
1408,sentence_1408.txt,0.16723918914794922
1560,sentence_1560.txt,0.07800769805908203
46,sentence_46.txt,0.10411548614501953
1032,sentence_1032.txt,0.1507704257965088
1235,sentence_1235.txt,0.06884312629699707
1050,sentence_1050.txt,0.09825801849365234
1511,sentence_1511.txt,0.10243439674377441
462,sentence_462.txt,0.09119367599487305
889,sentence_889.txt,0.1355583667755127
598,sentence_598.txt,0.10508084297180176
1243,sentence_1243.txt,0.1213233470916748
1732,sentence_1732.txt,0.18192577362060547
1758,sentence_1758.txt,0.10418963432312012
1535,sentence_1535.txt,0.17168903350830078
843,sentence_843.txt,0.1381986141204834
296,sentence_296.txt,0.19231629371643066
540,sentence_540.txt,0.14751124382019043
927,sentence_927.txt,0.15278124809265137
1607,sentence_1607.txt,0.10731172561645508
85,sentence_85.txt,0.11594963073730469
1310,sentence_1310.txt,0.1190023422241211
616,sentence_616.txt,0.12202692031860352
1033,sentence_1033.txt,0.25705885887145996
1135,sentence_1135.txt,0.13234734535217285
1381,sentence_1381.txt,0.03211855888366699
272,sentence_272.txt,0.09794330596923828
374,sentence_374.txt,0.14701247215270996
1205,sentence_1205.txt,0.108673095703125
988,sentence_988.txt,0.11112165451049805
1814,sentence_1814.txt,0.10842442512512207
1141,sentence_1141.txt,0.13885927200317383
195,sentence_195.txt,0.14314866065979004
1297,sentence_1297.txt,0.10811495780944824
79,sentence_79.txt,0.04383969306945801
1684,sentence_1684.txt,0.10575318336486816
754,sentence_754.txt,0.13663053512573242
1444,sentence_1444.txt,0.10860729217529297
1087,sentence_1087.txt,0.1114346981048584
1385,sentence_1385.txt,0.08552026748657227
787,sentence_787.txt,0.14474892616271973
1526,sentence_1526.txt,0.0844273567199707
233,sentence_233.txt,0.19338560104370117
1489,sentence_1489.txt,0.14106130599975586
1557,sentence_1557.txt,0.1910552978515625
993,sentence_993.txt,0.16287541389465332
488,sentence_488.txt,0.1137845516204834
929,sentence_929.txt,0.1315314769744873
1306,sentence_1306.txt,0.11101460456848145
960,sentence_960.txt,0.13294720649719238
830,sentence_830.txt,0.07265639305114746
1414,sentence_1414.txt,0.12279772758483887
516,sentence_516.txt,0.14591193199157715
1071,sentence_1071.txt,0.10842728614807129
525,sentence_525.txt,0.06796407699584961
1412,sentence_1412.txt,0.1071157455444336
705,sentence_705.txt,0.07190871238708496
336,sentence_336.txt,0.07796144485473633
332,sentence_332.txt,0.11116957664489746
1591,sentence_1591.txt,0.13455891609191895
290,sentence_290.txt,0.11164093017578125
1573,sentence_1573.txt,0.10430502891540527
1089,sentence_1089.txt,0.05180525779724121
790,sentence_790.txt,0.2057342529296875
1227,sentence_1227.txt,0.13069510459899902
739,sentence_739.txt,0.1137239933013916
1330,sentence_1330.txt,0.16818737983703613
1394,sentence_1394.txt,0.11559748649597168
703,sentence_703.txt,0.10607552528381348
257,sentence_257.txt,0.11739802360534668
773,sentence_773.txt,0.059844970703125
1378,sentence_1378.txt,0.14983892440795898
123,sentence_123.txt,0.126007080078125
549,sentence_549.txt,0.1506352424621582
1004,sentence_1004.txt,0.050601959228515625
968,sentence_968.txt,0.11465978622436523
51,sentence_51.txt,0.04188036918640137
1498,sentence_1498.txt,0.12560677528381348
558,sentence_558.txt,0.09200406074523926
217,sentence_217.txt,0.11079120635986328
1780,sentence_1780.txt,0.11431384086608887
734,sentence_734.txt,0.16916322708129883
82,sentence_82.txt,0.08084464073181152
1242,sentence_1242.txt,0.09770464897155762
1700,sentence_1700.txt,0.04955315589904785
413,sentence_413.txt,0.0490117073059082
1397,sentence_1397.txt,0.13214707374572754
519,sentence_519.txt,0.13663935661315918
862,sentence_862.txt,0.060100555419921875
487,sentence_487.txt,0.1345062255859375
236,sentence_236.txt,0.15488362312316895
979,sentence_979.txt,0.07582545280456543
1019,sentence_1019.txt,0.18024945259094238
1156,sentence_1156.txt,0.18169713020324707
1647,sentence_1647.txt,0.09850931167602539
795,sentence_795.txt,0.08056640625
1226,sentence_1226.txt,0.14295601844787598
1798,sentence_1798.txt,0.1099405288696289
1402,sentence_1402.txt,0.10535073280334473
670,sentence_670.txt,0.13668036460876465
271,sentence_271.txt,0.13780760765075684
432,sentence_432.txt,0.1676008701324463
1456,sentence_1456.txt,0.3984699249267578
1453,sentence_1453.txt,0.12972450256347656
111,sentence_111.txt,0.08714556694030762
810,sentence_810.txt,0.10390639305114746
1739,sentence_1739.txt,0.1395587921142578
687,sentence_687.txt,0.13991427421569824
1658,sentence_1658.txt,0.1327207088470459
758,sentence_758.txt,0.11411285400390625
197,sentence_197.txt,0.1629173755645752
1524,sentence_1524.txt,0.14798903465270996
182,sentence_182.txt,0.15766525268554688
1594,sentence_1594.txt,0.11543893814086914
441,sentence_441.txt,0.11282587051391602
273,sentence_273.txt,0.21219396591186523
592,sentence_592.txt,0.1478748321533203
16,sentence_16.txt,0.12410879135131836
1603,sentence_1603.txt,0.13666820526123047
1237,sentence_1237.txt,0.10125422477722168
1029,sentence_1029.txt,0.07994723320007324
918,sentence_918.txt,0.10177016258239746
1522,sentence_1522.txt,0.13111209869384766
1632,sentence_1632.txt,0.09727787971496582
124,sentence_124.txt,0.12076044082641602
1060,sentence_1060.txt,0.07451796531677246
837,sentence_837.txt,0.135634183883667
315,sentence_315.txt,0.10238242149353027
1008,sentence_1008.txt,0.0815117359161377
1790,sentence_1790.txt,0.1712033748626709
222,sentence_222.txt,0.11390805244445801
1639,sentence_1639.txt,0.20769762992858887
1346,sentence_1346.txt,0.1546943187713623
1347,sentence_1347.txt,0.14905285835266113
159,sentence_159.txt,0.11523175239562988
779,sentence_779.txt,0.15262651443481445
438,sentence_438.txt,0.09413576126098633
1116,sentence_1116.txt,0.21212434768676758
831,sentence_831.txt,0.056524038314819336
505,sentence_505.txt,0.15457367897033691
507,sentence_507.txt,0.14507055282592773
1710,sentence_1710.txt,0.14075613021850586
1429,sentence_1429.txt,0.1248776912689209
1105,sentence_1105.txt,0.2005023956298828
1026,sentence_1026.txt,0.5969898700714111
1473,sentence_1473.txt,0.45829176902770996
806,sentence_806.txt,0.09437966346740723
117,sentence_117.txt,0.1333022117614746
706,sentence_706.txt,0.08769702911376953
1324,sentence_1324.txt,0.10484552383422852
355,sentence_355.txt,0.12581110000610352
1281,sentence_1281.txt,0.13796472549438477
856,sentence_856.txt,0.1607217788696289
1694,sentence_1694.txt,0.06722617149353027
1246,sentence_1246.txt,0.09349417686462402
1051,sentence_1051.txt,0.13704991340637207
69,sentence_69.txt,0.06820821762084961
1447,sentence_1447.txt,0.09859323501586914
70,sentence_70.txt,0.20729565620422363
50,sentence_50.txt,0.08986210823059082
1420,sentence_1420.txt,0.07040762901306152
1463,sentence_1463.txt,0.07676839828491211
203,sentence_203.txt,0.16470623016357422
852,sentence_852.txt,0.09508299827575684
1813,sentence_1813.txt,0.14311814308166504
1290,sentence_1290.txt,0.26119232177734375
237,sentence_237.txt,0.09691548347473145
1586,sentence_1586.txt,0.11230206489562988
316,sentence_316.txt,0.1508328914642334
1184,sentence_1184.txt,0.16927027702331543
1728,sentence_1728.txt,0.14557170867919922
700,sentence_700.txt,0.1636800765991211
1495,sentence_1495.txt,0.09876012802124023
1411,sentence_1411.txt,0.19681310653686523
546,sentence_546.txt,0.09693026542663574
1194,sentence_1194.txt,0.12105321884155273
644,sentence_644.txt,0.05629229545593262
629,sentence_629.txt,0.1566603183746338
1804,sentence_1804.txt,0.0719451904296875
176,sentence_176.txt,0.06834173202514648
1403,sentence_1403.txt,0.15378379821777344
535,sentence_535.txt,0.3029153347015381
1106,sentence_1106.txt,0.12036895751953125
1569,sentence_1569.txt,0.15767359733581543
1223,sentence_1223.txt,0.09604787826538086
215,sentence_215.txt,0.11864852905273438
20,sentence_20.txt,0.1300361156463623
510,sentence_510.txt,0.1262197494506836
1661,sentence_1661.txt,0.08436727523803711
1502,sentence_1502.txt,0.10050177574157715
512,sentence_512.txt,0.0460968017578125
93,sentence_93.txt,0.40375471115112305
202,sentence_202.txt,0.08772110939025879
1672,sentence_1672.txt,0.2103118896484375
370,sentence_370.txt,0.05464506149291992
1558,sentence_1558.txt,0.1775951385498047
1157,sentence_1157.txt,0.08746194839477539
167,sentence_167.txt,0.18768930435180664
326,sentence_326.txt,0.1875596046447754
1635,sentence_1635.txt,0.4387321472167969
1214,sentence_1214.txt,0.06175589561462402
720,sentence_720.txt,0.07852745056152344
357,sentence_357.txt,0.09313583374023438
1270,sentence_1270.txt,0.1159975528717041
1764,sentence_1764.txt,0.05446434020996094
693,sentence_693.txt,0.0705864429473877
1620,sentence_1620.txt,0.4736344814300537
1615,sentence_1615.txt,0.0828244686126709
1570,sentence_1570.txt,0.13450288772583008
130,sentence_130.txt,0.14342808723449707
885,sentence_885.txt,0.12294149398803711
1714,sentence_1714.txt,0.08812212944030762
200,sentence_200.txt,0.12424063682556152
1727,sentence_1727.txt,0.08457064628601074
474,sentence_474.txt,0.03336000442504883
132,sentence_132.txt,0.06040811538696289
1398,sentence_1398.txt,0.0507354736328125
1327,sentence_1327.txt,0.12862229347229004
1010,sentence_1010.txt,0.06627988815307617
944,sentence_944.txt,0.12812018394470215
991,sentence_991.txt,0.11196470260620117
1663,sentence_1663.txt,0.06976723670959473
1640,sentence_1640.txt,0.13987112045288086
701,sentence_701.txt,0.11305856704711914
827,sentence_827.txt,0.13448143005371094
1809,sentence_1809.txt,0.13277506828308105
1338,sentence_1338.txt,0.04566073417663574
1036,sentence_1036.txt,0.08754253387451172
641,sentence_641.txt,0.042731523513793945
967,sentence_967.txt,0.15842342376708984
868,sentence_868.txt,0.10027360916137695
1800,sentence_1800.txt,0.1569991111755371
1430,sentence_1430.txt,0.1927928924560547
17,sentence_17.txt,0.1704113483428955
604,sentence_604.txt,0.363353967666626
1289,sentence_1289.txt,0.4208977222442627
1096,sentence_1096.txt,0.12957096099853516
10,sentence_10.txt,0.07962703704833984
1387,sentence_1387.txt,0.11546087265014648
1056,sentence_1056.txt,0.1359109878540039
310,sentence_310.txt,0.1295335292816162
349,sentence_349.txt,0.14826273918151855
1450,sentence_1450.txt,0.04637312889099121
643,sentence_643.txt,0.1203453540802002
126,sentence_126.txt,0.1362743377685547
658,sentence_658.txt,0.1386568546295166
568,sentence_568.txt,0.1197810173034668
1437,sentence_1437.txt,0.13135004043579102
1328,sentence_1328.txt,0.11725974082946777
1045,sentence_1045.txt,0.06658029556274414
633,sentence_633.txt,0.028420448303222656
537,sentence_537.txt,0.07483458518981934
216,sentence_216.txt,0.07867956161499023
1076,sentence_1076.txt,0.08020830154418945
1756,sentence_1756.txt,0.11236715316772461
40,sentence_40.txt,0.0803077220916748
1750,sentence_1750.txt,0.14473485946655273
395,sentence_395.txt,0.23787260055541992
539,sentence_539.txt,0.10449028015136719
327,sentence_327.txt,0.07059550285339355
905,sentence_905.txt,0.10920047760009766
1688,sentence_1688.txt,0.09212470054626465
749,sentence_749.txt,0.30902695655822754
1206,sentence_1206.txt,0.12409400939941406
1696,sentence_1696.txt,0.09838652610778809
282,sentence_282.txt,0.07191109657287598
1170,sentence_1170.txt,0.06218266487121582
600,sentence_600.txt,0.13921380043029785
970,sentence_970.txt,0.09070062637329102
1017,sentence_1017.txt,0.10269761085510254
397,sentence_397.txt,0.09938764572143555
836,sentence_836.txt,0.08966064453125
410,sentence_410.txt,0.5373544692993164
1379,sentence_1379.txt,0.15816354751586914
172,sentence_172.txt,0.14322996139526367
541,sentence_541.txt,0.40878796577453613
1618,sentence_1618.txt,0.14271330833435059
848,sentence_848.txt,0.14641380310058594
1236,sentence_1236.txt,0.12597441673278809
710,sentence_710.txt,0.12293124198913574
1415,sentence_1415.txt,0.04695725440979004
679,sentence_679.txt,0.09267258644104004
1464,sentence_1464.txt,0.1253964900970459
1140,sentence_1140.txt,0.07960820198059082
468,sentence_468.txt,0.20000100135803223
125,sentence_125.txt,0.12279629707336426
1376,sentence_1376.txt,0.1629619598388672
454,sentence_454.txt,0.08999824523925781
1348,sentence_1348.txt,0.19596171379089355
92,sentence_92.txt,0.1708543300628662
25,sentence_25.txt,0.07619929313659668
1210,sentence_1210.txt,0.13167095184326172
1049,sentence_1049.txt,0.030859708786010742
1284,sentence_1284.txt,0.15816020965576172
697,sentence_697.txt,0.13353657722473145
1131,sentence_1131.txt,0.05931353569030762
872,sentence_872.txt,0.3023831844329834
161,sentence_161.txt,0.21297168731689453
1218,sentence_1218.txt,0.08592748641967773
373,sentence_373.txt,0.13054442405700684
1432,sentence_1432.txt,0.1232309341430664
646,sentence_646.txt,0.27432870864868164
1775,sentence_1775.txt,0.07480406761169434
725,sentence_725.txt,0.11670684814453125
1275,sentence_1275.txt,0.164947509765625
1384,sentence_1384.txt,0.18373775482177734
194,sentence_194.txt,0.26926159858703613
1742,sentence_1742.txt,0.14358186721801758
1220,sentence_1220.txt,0.1262531280517578
855,sentence_855.txt,0.2196044921875
1000,sentence_1000.txt,0.14771723747253418
840,sentence_840.txt,0.26830244064331055
1523,sentence_1523.txt,0.029187679290771484
502,sentence_502.txt,0.09501457214355469
884,sentence_884.txt,0.18111467361450195
1541,sentence_1541.txt,0.05294656753540039
692,sentence_692.txt,0.4374258518218994
247,sentence_247.txt,0.10355973243713379
1260,sentence_1260.txt,0.06417369842529297
654,sentence_654.txt,0.09440159797668457
583,sentence_583.txt,0.15592217445373535
91,sentence_91.txt,0.11928081512451172
1099,sentence_1099.txt,0.04995393753051758
962,sentence_962.txt,0.11414337158203125
1417,sentence_1417.txt,0.25854921340942383
184,sentence_184.txt,0.10560059547424316
350,sentence_350.txt,0.07368111610412598
605,sentence_605.txt,0.07046055793762207
1356,sentence_1356.txt,0.1130533218383789
1335,sentence_1335.txt,0.09883522987365723
800,sentence_800.txt,0.10681509971618652
1005,sentence_1005.txt,0.10729527473449707
201,sentence_201.txt,0.17487835884094238
950,sentence_950.txt,0.2131354808807373
532,sentence_532.txt,0.15767264366149902
829,sentence_829.txt,0.07961583137512207
1119,sentence_1119.txt,0.11766481399536133
1002,sentence_1002.txt,0.09570884704589844
1332,sentence_1332.txt,0.1199650764465332
543,sentence_543.txt,0.1477506160736084
844,sentence_844.txt,0.1087334156036377
932,sentence_932.txt,0.10437417030334473
131,sentence_131.txt,0.12986016273498535
149,sentence_149.txt,0.09892392158508301
570,sentence_570.txt,0.1264348030090332
1559,sentence_1559.txt,0.15599346160888672
686,sentence_686.txt,0.0824127197265625
340,sentence_340.txt,0.2345869541168213
121,sentence_121.txt,0.20110297203063965
1500,sentence_1500.txt,0.0528721809387207
890,sentence_890.txt,0.07404613494873047
1185,sentence_1185.txt,0.0883784294128418
853,sentence_853.txt,0.14867734909057617
292,sentence_292.txt,0.10899806022644043
1754,sentence_1754.txt,0.2819685935974121
956,sentence_956.txt,0.20062589645385742
1650,sentence_1650.txt,0.07098555564880371
1499,sentence_1499.txt,0.06293702125549316
907,sentence_907.txt,0.11382865905761719
399,sentence_399.txt,0.0640256404876709
971,sentence_971.txt,0.05125784873962402
863,sentence_863.txt,0.1919412612915039
90,sentence_90.txt,0.21053004264831543
279,sentence_279.txt,0.13358592987060547
231,sentence_231.txt,0.06264638900756836
801,sentence_801.txt,0.04466128349304199
118,sentence_118.txt,0.1232614517211914
986,sentence_986.txt,0.056482791900634766
378,sentence_378.txt,0.2013864517211914
1171,sentence_1171.txt,0.12549304962158203
1037,sentence_1037.txt,0.0906531810760498
81,sentence_81.txt,0.05219292640686035
1204,sentence_1204.txt,0.08568644523620605
158,sentence_158.txt,0.08042740821838379
199,sentence_199.txt,0.1085805892944336
657,sentence_657.txt,0.14554166793823242
819,sentence_819.txt,0.051044464111328125
401,sentence_401.txt,0.10484623908996582
1334,sentence_1334.txt,0.15200233459472656
1074,sentence_1074.txt,0.1032552719116211
1621,sentence_1621.txt,0.06081819534301758
1371,sentence_1371.txt,0.08875823020935059
1368,sentence_1368.txt,0.20811891555786133
30,sentence_30.txt,0.07227134704589844
379,sentence_379.txt,0.07873797416687012
1405,sentence_1405.txt,0.10483002662658691
55,sentence_55.txt,0.12785005569458008
1793,sentence_1793.txt,0.14141464233398438
1153,sentence_1153.txt,0.19623947143554688
1642,sentence_1642.txt,0.1689450740814209
1784,sentence_1784.txt,0.13581013679504395
1143,sentence_1143.txt,0.11350893974304199
528,sentence_528.txt,0.184830904006958
1109,sentence_1109.txt,0.03455972671508789
951,sentence_951.txt,0.16041064262390137
547,sentence_547.txt,0.05938887596130371
140,sentence_140.txt,0.08036136627197266
456,sentence_456.txt,0.09456205368041992
1061,sentence_1061.txt,0.1017923355102539
748,sentence_748.txt,0.06486272811889648
716,sentence_716.txt,0.16602659225463867
48,sentence_48.txt,0.11542558670043945
443,sentence_443.txt,0.07293200492858887
244,sentence_244.txt,0.0691380500793457
1519,sentence_1519.txt,0.09356451034545898
230,sentence_230.txt,0.18497157096862793
106,sentence_106.txt,0.07657980918884277
