Filename,Count < 0.50,Total Records,Processing Time (s)
sentence_160.csv,6,5967,0.07246732711791992
sentence_89.csv,4,4896,0.04769396781921387
sentence_1240.csv,276,2448,0.02242112159729004
sentence_845.csv,2,3978,0.035306692123413086
sentence_1109.csv,470,1122,0.03157663345336914
sentence_112.csv,132,2754,0.04885101318359375
sentence_1144.csv,192,4029,0.05274200439453125
sentence_691.csv,0,4539,0.08578228950500488
sentence_1816.csv,1174,3723,0.041040897369384766
sentence_819.csv,0,3060,0.04118967056274414
sentence_869.csv,0,4539,0.07559490203857422
sentence_1082.csv,0,6375,0.10166716575622559
sentence_479.csv,48,2652,0.03266787528991699
sentence_1579.csv,74,3366,0.06127810478210449
sentence_1649.csv,154,5304,0.08120942115783691
sentence_314.csv,4,2091,0.06402468681335449
sentence_952.csv,2,3876,0.05249524116516113
sentence_1408.csv,6,3927,0.0453181266784668
sentence_897.csv,10,4386,0.05240273475646973
sentence_1752.csv,0,2856,0.034162044525146484
sentence_970.csv,0,3723,0.04941296577453613
sentence_1466.csv,112,2091,0.04870295524597168
sentence_633.csv,0,6783,0.08452200889587402
sentence_737.csv,746,2856,0.04047441482543945
sentence_1780.csv,0,4692,0.05070376396179199
sentence_1493.csv,0,2550,0.023054838180541992
sentence_1668.csv,0,5100,0.08510732650756836
sentence_1150.csv,0,8262,0.12790894508361816
sentence_1689.csv,90,3264,0.035958051681518555
sentence_1755.csv,586,3621,0.04231071472167969
sentence_48.csv,0,2244,0.03613901138305664
sentence_945.csv,24,2244,0.027268648147583008
sentence_1047.csv,1176,2652,0.030314207077026367
sentence_1182.csv,4,2244,0.026815414428710938
sentence_1073.csv,0,5763,0.11765551567077637
sentence_724.csv,16,5559,0.05631113052368164
sentence_1114.csv,0,7446,0.10154438018798828
sentence_831.csv,230,3723,0.03924822807312012
sentence_1393.csv,352,5406,0.08070683479309082
sentence_1186.csv,596,2652,0.04431319236755371
sentence_1040.csv,80,4845,0.08845067024230957
sentence_1300.csv,514,4131,0.04427146911621094
sentence_267.csv,0,1683,0.025263071060180664
sentence_386.csv,0,5967,0.11659431457519531
sentence_33.csv,1374,1887,0.038382768630981445
sentence_647.csv,84,6018,0.0862736701965332
sentence_773.csv,0,3162,0.04871964454650879
sentence_351.csv,0,4335,0.05011940002441406
sentence_1365.csv,0,4590,0.08740234375
sentence_218.csv,0,6834,0.13273978233337402
sentence_142.csv,1656,5355,0.0645456314086914
sentence_227.csv,4,3723,0.04106616973876953
sentence_1671.csv,4,2856,0.04404330253601074
sentence_1158.csv,0,10302,0.24486422538757324
sentence_1103.csv,0,6885,0.08384180068969727
sentence_1202.csv,0,4947,0.06104135513305664
sentence_650.csv,964,3825,0.0643470287322998
sentence_1289.csv,1168,4437,0.03882288932800293
sentence_1411.csv,258,2499,0.015197515487670898
sentence_1154.csv,918,2754,0.07375168800354004
sentence_768.csv,2,2346,0.04400062561035156
sentence_876.csv,0,6681,0.1040802001953125
sentence_1522.csv,2,9843,0.18097877502441406
sentence_1467.csv,1046,5610,0.07887554168701172
sentence_1808.csv,20,3060,0.049628496170043945
sentence_1237.csv,2132,6120,0.08160948753356934
sentence_855.csv,0,3468,0.042412757873535156
sentence_1786.csv,8,3111,0.040929317474365234
sentence_513.csv,0,3264,0.05547332763671875
sentence_684.csv,2,1479,0.017335891723632812
sentence_956.csv,52,5253,0.06701493263244629
sentence_1475.csv,80,5202,0.08124256134033203
sentence_1306.csv,662,7191,0.16740059852600098
sentence_1737.csv,0,3723,0.03656268119812012
sentence_148.csv,246,7548,0.1350383758544922
sentence_1337.csv,4,6936,0.11803460121154785
sentence_430.csv,0,4998,0.04590249061584473
sentence_1027.csv,90,6987,0.10709428787231445
sentence_500.csv,92,3825,0.04396533966064453
sentence_1658.csv,24,3315,0.05208730697631836
sentence_519.csv,0,5712,0.10321903228759766
sentence_313.csv,3032,6375,0.10244345664978027
sentence_978.csv,8,9741,0.17801499366760254
sentence_229.csv,0,5100,0.04971122741699219
sentence_1701.csv,0,969,0.022531986236572266
sentence_1439.csv,380,5151,0.0710456371307373
sentence_281.csv,0,5355,0.0933835506439209
sentence_943.csv,124,3570,0.0432744026184082
sentence_1007.csv,0,7344,0.14239907264709473
sentence_799.csv,0,3825,0.05729174613952637
sentence_1506.csv,6,2040,0.039713144302368164
sentence_770.csv,2,5355,0.08836555480957031
sentence_1269.csv,352,2499,0.029360532760620117
sentence_144.csv,0,1275,0.013766050338745117
sentence_744.csv,128,6018,0.07955074310302734
sentence_1265.csv,12,969,0.02201366424560547
sentence_1256.csv,86,102,0.019403696060180664
sentence_721.csv,14,3162,0.0842437744140625
sentence_57.csv,1402,3825,0.04477119445800781
sentence_639.csv,4,5508,0.07416081428527832
sentence_604.csv,0,6222,0.0706942081451416
sentence_646.csv,42,9027,0.11099553108215332
sentence_1175.csv,1590,2397,0.029816150665283203
sentence_269.csv,0,4437,0.06287550926208496
sentence_620.csv,30,1785,0.029938936233520508
sentence_1792.csv,22,3468,0.05910301208496094
sentence_986.csv,4,459,0.023287534713745117
sentence_330.csv,0,6018,0.1313953399658203
sentence_1433.csv,64,6018,0.0831749439239502
sentence_420.csv,64,714,0.010097742080688477
sentence_1181.csv,66,6120,0.10067987442016602
sentence_1259.csv,2,3213,0.031008005142211914
sentence_1558.csv,0,4386,0.048783302307128906
sentence_1176.csv,346,6324,0.12691879272460938
sentence_969.csv,4,4641,0.18990421295166016
sentence_866.csv,730,5253,0.04779767990112305
sentence_1022.csv,30,5151,0.08678054809570312
sentence_24.csv,2,6273,0.10599803924560547
sentence_1797.csv,2,3978,0.05661320686340332
sentence_1261.csv,0,6579,0.12160301208496094
sentence_1196.csv,2,3213,0.05351376533508301
sentence_1080.csv,250,4590,0.07638287544250488
sentence_1650.csv,0,6426,0.10963845252990723
sentence_496.csv,0,3621,0.04651832580566406
sentence_1033.csv,0,4743,0.05997061729431152
sentence_1000.csv,2,7293,0.12180185317993164
sentence_784.csv,0,5865,0.09031510353088379
sentence_30.csv,32,1479,0.013982057571411133
sentence_1232.csv,2,3264,0.043430328369140625
sentence_1495.csv,188,5610,0.10205674171447754
sentence_243.csv,248,5865,0.04935145378112793
sentence_1297.csv,1766,3774,0.045214176177978516
sentence_1812.csv,230,3315,0.04863476753234863
sentence_297.csv,12,4029,0.061426401138305664
sentence_1350.csv,246,1224,0.02113056182861328
sentence_483.csv,0,1887,0.027438879013061523
sentence_617.csv,3558,7599,0.12455558776855469
sentence_473.csv,0,3315,0.05925726890563965
sentence_131.csv,0,4896,0.051624298095703125
sentence_1691.csv,76,2652,0.031113147735595703
sentence_1642.csv,2,7038,0.1027529239654541
sentence_413.csv,4,1734,0.028267860412597656
sentence_1469.csv,2,1326,0.013774633407592773
sentence_1015.csv,16,4896,0.04591727256774902
sentence_852.csv,2,3417,0.062241554260253906
sentence_862.csv,218,3774,0.05307888984680176
sentence_113.csv,38,2040,0.02945542335510254
sentence_613.csv,184,1326,0.01674509048461914
sentence_108.csv,60,3264,0.03392529487609863
sentence_259.csv,14,6681,0.09541487693786621
sentence_664.csv,1056,3264,0.040346622467041016
sentence_1619.csv,758,3621,0.055989742279052734
sentence_12.csv,72,4896,0.05905508995056152
sentence_18.csv,0,4284,0.05388188362121582
sentence_635.csv,10,5457,0.09053707122802734
sentence_1111.csv,0,2397,0.035123586654663086
sentence_1205.csv,0,3774,0.040000200271606445
sentence_236.csv,210,2244,0.029903411865234375
sentence_448.csv,88,6273,0.06583452224731445
sentence_1135.csv,2,2652,0.03407907485961914
sentence_1138.csv,0,1020,0.03978109359741211
sentence_440.csv,74,6732,0.0993344783782959
sentence_641.csv,226,969,0.026957988739013672
sentence_1496.csv,0,5661,0.09296655654907227
sentence_1748.csv,512,8619,0.14692044258117676
sentence_447.csv,16,1581,0.017511844635009766
sentence_355.csv,140,1734,0.02595210075378418
sentence_1669.csv,246,1632,0.04390740394592285
sentence_814.csv,2,1275,0.00868678092956543
sentence_590.csv,700,3672,0.05461835861206055
sentence_1766.csv,218,4896,0.07256793975830078
sentence_1249.csv,2,6477,0.08029341697692871
sentence_365.csv,0,1938,0.03171420097351074
sentence_87.csv,124,3417,0.04339480400085449
sentence_1806.csv,8,3876,0.0802001953125
sentence_100.csv,164,969,0.021175146102905273
sentence_474.csv,256,1326,0.019576072692871094
sentence_960.csv,2,1428,0.016396284103393555
sentence_25.csv,0,3417,0.022151947021484375
sentence_1700.csv,4,765,0.008956193923950195
sentence_315.csv,14,2754,0.036124467849731445
sentence_812.csv,0,3774,0.04480147361755371
sentence_1749.csv,0,2805,0.05124664306640625
sentence_629.csv,66,4641,0.07178211212158203
sentence_1343.csv,24,5049,0.06621861457824707
sentence_683.csv,182,4335,0.04945039749145508
sentence_273.csv,4,6171,0.11413717269897461
sentence_501.csv,212,3417,0.07761907577514648
sentence_1446.csv,0,4947,0.08055520057678223
sentence_7.csv,34,6069,0.0937044620513916
sentence_1817.csv,0,3111,0.06723785400390625
sentence_331.csv,0,7038,0.1257493495941162
sentence_1140.csv,234,918,0.011634349822998047
sentence_1312.csv,50,3009,0.023770570755004883
sentence_136.csv,156,1071,0.05423140525817871
sentence_1422.csv,24,2550,0.025768518447875977
sentence_1409.csv,84,2499,0.03193044662475586
sentence_832.csv,0,6018,0.09055185317993164
sentence_90.csv,386,2040,0.030678749084472656
sentence_1270.csv,242,4437,0.05620884895324707
sentence_1415.csv,98,3264,0.05767464637756348
sentence_73.csv,0,4539,0.06660866737365723
sentence_1632.csv,2,1530,0.009714126586914062
sentence_66.csv,608,6375,0.08840608596801758
sentence_850.csv,16,2856,0.030719518661499023
sentence_80.csv,0,3825,0.04586458206176758
sentence_758.csv,44,3723,0.05119752883911133
sentence_778.csv,2,2142,0.04791975021362305
sentence_55.csv,1130,3876,0.03761553764343262
sentence_356.csv,16,2244,0.016077756881713867
sentence_615.csv,4,4794,0.06362223625183105
sentence_1535.csv,2,3264,0.04312300682067871
sentence_821.csv,0,6936,0.12586092948913574
sentence_833.csv,490,5355,0.07708573341369629
sentence_470.csv,0,4539,0.038030385971069336
sentence_811.csv,104,2397,0.035886287689208984
sentence_364.csv,0,5661,0.07325315475463867
sentence_971.csv,2,3672,0.04446697235107422
sentence_1655.csv,2,5661,0.05920982360839844
sentence_977.csv,106,5406,0.06938934326171875
sentence_540.csv,0,7599,0.12485671043395996
sentence_710.csv,0,6477,0.08597731590270996
sentence_1562.csv,6,4590,0.07502317428588867
sentence_1157.csv,1420,6783,0.16900038719177246
sentence_1245.csv,2,3417,0.03295779228210449
sentence_1622.csv,0,3009,0.042821407318115234
sentence_226.csv,8,6528,0.13440752029418945
sentence_368.csv,42,3417,0.0497894287109375
sentence_1404.csv,2,1173,0.010676860809326172
sentence_813.csv,178,5712,0.06644129753112793
sentence_268.csv,0,4794,0.05246853828430176
sentence_661.csv,0,5202,0.0969388484954834
sentence_1762.csv,544,4998,0.07654356956481934
sentence_577.csv,140,6324,0.11722016334533691
sentence_630.csv,0,5865,0.09483909606933594
sentence_951.csv,146,4794,0.0742039680480957
sentence_1313.csv,0,7905,0.16808342933654785
sentence_256.csv,84,5661,0.21248984336853027
sentence_135.csv,596,1836,0.15171098709106445
sentence_161.csv,2,7854,0.11667394638061523
sentence_676.csv,0,7701,0.11992835998535156
sentence_987.csv,0,4335,0.07143735885620117
sentence_168.csv,0,2550,0.03683733940124512
sentence_1061.csv,2,5457,0.13996052742004395
sentence_516.csv,0,7599,0.10112261772155762
sentence_1508.csv,40,3162,0.044751882553100586
sentence_671.csv,14,4641,0.07569766044616699
sentence_157.csv,22,1020,0.015305757522583008
sentence_1028.csv,0,7293,0.09010648727416992
sentence_933.csv,0,8670,0.17761707305908203
sentence_262.csv,184,3366,0.07210230827331543
sentence_358.csv,2180,5406,0.07055830955505371
sentence_117.csv,6,4284,0.04973006248474121
sentence_261.csv,0,2805,0.030013322830200195
sentence_571.csv,0,3060,0.04132270812988281
sentence_1226.csv,2,2244,0.03823351860046387
sentence_1006.csv,0,4029,0.047319889068603516
sentence_1564.csv,0,7548,0.11589980125427246
sentence_1274.csv,22,2295,0.03339862823486328
sentence_1136.csv,156,3876,0.0714728832244873
sentence_63.csv,52,1887,0.027448654174804688
sentence_921.csv,0,1887,0.03605151176452637
sentence_1280.csv,0,5916,0.08129358291625977
sentence_222.csv,2,4233,0.042654991149902344
sentence_1530.csv,0,1836,0.017764568328857422
sentence_1321.csv,90,2550,0.03467392921447754
sentence_234.csv,8,1479,0.02418231964111328
sentence_796.csv,0,8109,0.14786458015441895
sentence_219.csv,46,5049,0.08714056015014648
sentence_793.csv,0,6120,0.14353656768798828
sentence_654.csv,1392,4284,0.04267001152038574
sentence_1377.csv,8,2193,0.02957439422607422
sentence_1341.csv,0,2244,0.04038429260253906
sentence_245.csv,50,6375,0.06976532936096191
sentence_939.csv,0,3519,0.048337697982788086
sentence_911.csv,0,4080,0.0497593879699707
sentence_1164.csv,0,2805,0.03509783744812012
sentence_1644.csv,12,3723,0.0418243408203125
sentence_1767.csv,2,4845,0.07376909255981445
sentence_1537.csv,0,6987,0.14083170890808105
sentence_1750.csv,1118,4590,0.04579877853393555
sentence_1597.csv,200,3060,0.04251217842102051
sentence_574.csv,206,6579,0.10832452774047852
sentence_320.csv,142,5151,0.0738074779510498
sentence_1394.csv,2,2652,0.052396297454833984
sentence_991.csv,224,6018,0.04793262481689453
sentence_1153.csv,0,2703,0.04065442085266113
sentence_1148.csv,0,7242,0.12233471870422363
sentence_159.csv,20,918,0.009209632873535156
sentence_442.csv,12,2652,0.04496049880981445
sentence_1720.csv,2772,4029,0.07779359817504883
sentence_1498.csv,2,3417,0.03389430046081543
sentence_377.csv,1708,5814,0.0689237117767334
sentence_1656.csv,90,3060,0.04582476615905762
sentence_119.csv,84,4437,0.049027204513549805
sentence_1512.csv,42,2703,0.03359079360961914
sentence_1034.csv,0,4998,0.09582138061523438
sentence_1702.csv,2,1734,0.008028745651245117
sentence_1763.csv,0,1377,0.018946409225463867
sentence_1344.csv,194,7395,0.10848259925842285
sentence_1489.csv,0,3162,0.0410919189453125
sentence_1299.csv,0,5610,0.05208015441894531
sentence_1623.csv,0,3111,0.03869915008544922
sentence_1287.csv,0,6069,0.09832119941711426
sentence_1463.csv,68,1428,0.4930565357208252
sentence_260.csv,4,2958,0.03108954429626465
sentence_294.csv,4,2448,0.024579763412475586
sentence_1590.csv,0,9843,0.2269437313079834
sentence_871.csv,114,6987,0.09293031692504883
sentence_204.csv,244,3213,0.029781579971313477
sentence_1703.csv,0,6324,0.1471717357635498
sentence_335.csv,812,3264,0.04406094551086426
sentence_1400.csv,2,2754,0.023668766021728516
sentence_56.csv,0,2346,0.024732112884521484
sentence_555.csv,0,8874,0.18337726593017578
sentence_1020.csv,18,4998,0.06441998481750488
sentence_1784.csv,2800,5151,0.07063055038452148
sentence_1098.csv,0,3264,0.0405881404876709
sentence_1577.csv,0,4233,0.048293113708496094
sentence_1212.csv,2,4080,0.04979991912841797
sentence_390.csv,528,3927,0.05879044532775879
sentence_1375.csv,20,3519,0.05282330513000488
sentence_1133.csv,2,3774,0.06415390968322754
sentence_380.csv,50,1581,0.0210568904876709
sentence_1267.csv,210,1785,0.03915119171142578
sentence_1125.csv,14,9486,0.16200494766235352
sentence_1705.csv,106,4641,0.04567551612854004
sentence_1814.csv,26,4335,0.08614134788513184
sentence_1659.csv,0,5763,0.10046696662902832
sentence_1490.csv,0,2091,0.048424482345581055
sentence_1551.csv,404,4080,0.049889326095581055
sentence_1768.csv,132,2856,0.0461881160736084
sentence_682.csv,398,1581,0.018740177154541016
sentence_1718.csv,520,10098,0.21860980987548828
sentence_785.csv,42,1275,0.01645827293395996
sentence_16.csv,2,4743,0.05702471733093262
sentence_1214.csv,0,918,0.020305633544921875
sentence_702.csv,700,1785,0.03594374656677246
sentence_70.csv,1560,3978,0.03431081771850586
sentence_1532.csv,22,1224,0.01432657241821289
sentence_1285.csv,146,5355,0.057932138442993164
sentence_730.csv,46,3825,0.05213522911071777
sentence_1485.csv,248,7701,0.13727879524230957
sentence_1680.csv,54,4029,0.058092594146728516
sentence_1798.csv,0,3060,0.03799796104431152
sentence_1346.csv,100,1224,0.008716106414794922
sentence_190.csv,2,3060,0.029552459716796875
sentence_102.csv,26,4437,0.06380891799926758
sentence_1223.csv,1838,5559,0.08356332778930664
sentence_1218.csv,6,6783,0.10263729095458984
sentence_257.csv,68,2346,0.023726463317871094
sentence_1456.csv,6,2550,0.052191972732543945
sentence_514.csv,0,4386,0.056468963623046875
sentence_1293.csv,920,3366,0.04556012153625488
sentence_1435.csv,268,1275,0.012242794036865234
sentence_681.csv,1890,5814,0.12124371528625488
sentence_378.csv,0,6630,0.1222074031829834
sentence_1478.csv,12,5814,0.0939178466796875
sentence_26.csv,4,3774,0.04330801963806152
sentence_1221.csv,1960,3621,0.05659770965576172
sentence_369.csv,4,2652,0.0318913459777832
sentence_1573.csv,0,6834,0.07945108413696289
sentence_1516.csv,2018,3825,0.05451679229736328
sentence_823.csv,1030,4539,0.09443235397338867
sentence_752.csv,20,3672,0.05409526824951172
sentence_59.csv,270,1938,0.042186737060546875
sentence_1526.csv,72,4335,0.060460805892944336
sentence_565.csv,0,4998,0.07598662376403809
sentence_1233.csv,1738,4896,0.06216144561767578
sentence_387.csv,0,6681,0.11804056167602539
sentence_363.csv,100,5355,0.12708401679992676
sentence_1095.csv,0,3519,0.034181833267211914
sentence_328.csv,2,3723,0.07845878601074219
sentence_255.csv,752,1326,0.025814056396484375
sentence_1217.csv,258,4743,0.09342241287231445
sentence_510.csv,30,3315,0.03290987014770508
sentence_1460.csv,4,6579,0.09501123428344727
sentence_1296.csv,102,6528,0.0565340518951416
sentence_1462.csv,0,6324,0.0919640064239502
sentence_673.csv,66,918,0.017299413681030273
sentence_278.csv,286,4845,0.06090974807739258
sentence_938.csv,0,4743,0.07370638847351074
sentence_332.csv,988,1938,0.03377389907836914
sentence_1413.csv,764,4845,0.07110285758972168
sentence_955.csv,368,1530,0.034697532653808594
sentence_973.csv,4,5049,0.051300764083862305
sentence_1711.csv,0,6630,0.12927961349487305
sentence_21.csv,20,1989,0.04303598403930664
sentence_1447.csv,2,5661,0.0914163589477539
sentence_1120.csv,0,7293,0.15683960914611816
sentence_1026.csv,0,5763,0.07676911354064941
sentence_207.csv,32,2142,0.03627276420593262
sentence_1234.csv,10,3672,0.03164100646972656
sentence_211.csv,0,4488,0.08301997184753418
sentence_1290.csv,266,8772,0.1579134464263916
sentence_416.csv,12,4182,0.06323742866516113
sentence_1055.csv,0,2040,0.053290605545043945
sentence_781.csv,50,1530,0.03778481483459473
sentence_433.csv,0,5304,0.08600354194641113
sentence_1209.csv,2,3162,0.11038088798522949
sentence_1430.csv,2670,3723,0.055753231048583984
sentence_888.csv,250,2703,0.04004526138305664
sentence_564.csv,6,5355,0.057932376861572266
sentence_595.csv,874,2754,0.02912735939025879
sentence_106.csv,20,2550,0.03773784637451172
sentence_407.csv,194,1836,0.027055978775024414
sentence_93.csv,22,5100,0.04453611373901367
sentence_246.csv,294,1377,0.033065080642700195
sentence_795.csv,0,2448,0.02138376235961914
sentence_1272.csv,8,3315,0.052271127700805664
sentence_1617.csv,3020,4947,0.055373430252075195
sentence_3.csv,374,2448,0.04072904586791992
sentence_622.csv,558,2397,0.018735647201538086
sentence_1476.csv,126,4080,0.05483818054199219
sentence_1332.csv,16,2907,0.03497958183288574
sentence_1482.csv,182,2754,0.03139042854309082
sentence_316.csv,0,4896,0.06368422508239746
sentence_932.csv,0,7191,0.12877559661865234
sentence_414.csv,2,1326,0.010232686996459961
sentence_580.csv,0,4029,0.08711528778076172
sentence_460.csv,0,6069,0.0865333080291748
sentence_1774.csv,2,4998,0.0665280818939209
sentence_896.csv,50,3060,0.020600080490112305
sentence_306.csv,6,2040,0.033658504486083984
sentence_1353.csv,0,3825,0.043198347091674805
sentence_437.csv,18,1683,0.02899909019470215
sentence_703.csv,12,1632,0.06778907775878906
sentence_1557.csv,98,2754,0.03261876106262207
sentence_1382.csv,60,5559,0.06657028198242188
sentence_348.csv,98,3723,0.056479692459106445
sentence_585.csv,0,8415,0.16591501235961914
sentence_1421.csv,2,1326,0.016042232513427734
sentence_499.csv,0,5661,0.09665083885192871
sentence_1494.csv,288,5916,0.06788158416748047
sentence_733.csv,0,3825,0.04941821098327637
sentence_13.csv,34,3264,0.056517839431762695
sentence_941.csv,0,2448,0.02700042724609375
sentence_210.csv,10,2040,0.034168243408203125
sentence_616.csv,178,7497,0.11332130432128906
sentence_547.csv,0,3060,0.028951168060302734
sentence_899.csv,0,4488,0.04742312431335449
sentence_5.csv,0,2958,0.06302094459533691
sentence_994.csv,38,4488,0.0824589729309082
sentence_836.csv,482,6579,0.08103489875793457
sentence_196.csv,206,2499,0.03353738784790039
sentence_75.csv,0,5508,0.09771418571472168
sentence_96.csv,8,3009,0.034577131271362305
sentence_187.csv,96,5661,0.0824880599975586
sentence_925.csv,146,1173,0.014669656753540039
sentence_984.csv,0,5253,0.0730597972869873
sentence_900.csv,26,3366,0.02971196174621582
sentence_480.csv,0,3876,0.06510734558105469
sentence_486.csv,106,6018,0.06299352645874023
sentence_690.csv,402,2652,0.03292965888977051
sentence_1580.csv,2,2601,0.0296781063079834
sentence_8.csv,2724,4437,0.0483245849609375
sentence_83.csv,76,2601,0.0422666072845459
sentence_505.csv,0,3672,0.07160711288452148
sentence_1729.csv,224,4029,0.06675171852111816
sentence_1319.csv,4,5508,0.0929102897644043
sentence_867.csv,0,7905,0.13245248794555664
sentence_1431.csv,0,5610,0.07069540023803711
sentence_503.csv,188,1428,0.02085137367248535
sentence_1747.csv,0,2295,0.04978823661804199
sentence_909.csv,126,1275,0.017818212509155273
sentence_569.csv,2,4743,0.0534055233001709
sentence_874.csv,0,2193,0.032303810119628906
sentence_239.csv,594,4743,0.05206584930419922
sentence_263.csv,184,5967,0.09217953681945801
sentence_1554.csv,0,7038,0.11510539054870605
sentence_71.csv,0,4794,0.09381556510925293
sentence_1477.csv,62,3825,0.07573866844177246
sentence_1684.csv,58,2652,0.07635307312011719
sentence_1141.csv,4,2346,0.02684187889099121
sentence_787.csv,424,3468,0.045342445373535156
sentence_1397.csv,0,2907,0.08128643035888672
sentence_1398.csv,4,714,0.005574941635131836
sentence_917.csv,500,1836,0.04133200645446777
sentence_972.csv,46,510,0.06694602966308594
sentence_17.csv,2,2550,0.05017709732055664
sentence_772.csv,246,6375,0.07877373695373535
sentence_54.csv,64,1428,0.010004281997680664
sentence_1429.csv,0,5253,0.056655168533325195
sentence_381.csv,22,1377,0.053924560546875
sentence_719.csv,202,1122,0.019260406494140625
sentence_1126.csv,4,2805,0.06001567840576172
sentence_1807.csv,194,5814,0.09686946868896484
sentence_329.csv,4,5406,0.04765057563781738
sentence_1674.csv,0,5202,0.06009793281555176
sentence_757.csv,116,4029,0.048187971115112305
sentence_495.csv,2,3009,0.03818106651306152
sentence_1647.csv,2,3876,0.052464962005615234
sentence_1211.csv,4,3213,0.04259610176086426
sentence_1059.csv,38,1020,0.027696609497070312
sentence_642.csv,0,5355,0.08622956275939941
sentence_834.csv,56,7191,0.1372847557067871
sentence_1819.csv,288,4029,0.0711967945098877
sentence_1675.csv,0,5253,0.07962894439697266
sentence_1252.csv,0,1785,0.028733491897583008
sentence_1162.csv,1242,3876,0.039525747299194336
sentence_389.csv,32,5610,0.10193204879760742
sentence_128.csv,64,3468,0.06259393692016602
sentence_1547.csv,10,4131,0.06616926193237305
sentence_715.csv,504,2295,0.02731609344482422
sentence_360.csv,178,1122,0.004603385925292969
sentence_1657.csv,6,4947,0.06820225715637207
sentence_47.csv,2,969,0.024072647094726562
sentence_1615.csv,0,8007,0.1526346206665039
sentence_1497.csv,0,8517,0.18091368675231934
sentence_472.csv,0,1479,0.013573646545410156
sentence_605.csv,44,1173,0.017504453659057617
sentence_293.csv,4,5151,0.06802797317504883
sentence_967.csv,348,2550,0.02594757080078125
sentence_1426.csv,0,7140,0.13770508766174316
sentence_1230.csv,132,2040,0.026798009872436523
sentence_41.csv,246,2397,0.03192472457885742
sentence_191.csv,4,2754,0.034404754638671875
sentence_685.csv,0,3978,0.0498044490814209
sentence_1010.csv,0,2193,0.03313493728637695
sentence_1238.csv,4,2907,0.031073331832885742
sentence_347.csv,242,1428,0.010969400405883789
sentence_276.csv,194,2754,0.03076004981994629
sentence_1509.csv,0,6018,0.0761873722076416
sentence_697.csv,1582,6681,0.06778359413146973
sentence_1444.csv,1832,7905,0.1146697998046875
sentence_584.csv,0,3009,0.025493383407592773
sentence_67.csv,110,1275,0.016672611236572266
sentence_421.csv,1660,7038,0.09386014938354492
sentence_1687.csv,294,969,0.01312565803527832
sentence_1339.csv,0,2142,0.05674886703491211
sentence_1121.csv,1004,3723,0.06621432304382324
sentence_674.csv,2,1938,0.04035592079162598
sentence_1390.csv,0,4080,0.039142608642578125
sentence_162.csv,284,3111,0.02563762664794922
sentence_1710.csv,2,3774,0.034774065017700195
sentence_1468.csv,156,1887,0.0355532169342041
sentence_640.csv,178,2652,0.06080818176269531
sentence_826.csv,0,6885,0.1128835678100586
sentence_401.csv,6,3417,0.016880273818969727
sentence_166.csv,0,5508,0.10649251937866211
sentence_937.csv,130,765,0.014266729354858398
sentence_1771.csv,228,4233,0.06927871704101562
sentence_456.csv,264,3264,0.0366671085357666
sentence_1364.csv,8,1530,0.02766108512878418
sentence_745.csv,44,1020,0.016220808029174805
sentence_410.csv,934,4590,0.06313347816467285
sentence_1366.csv,0,5712,0.09136724472045898
sentence_1441.csv,216,2856,0.03602147102355957
sentence_689.csv,0,1887,0.045447349548339844
sentence_1286.csv,0,5865,0.08437681198120117
sentence_399.csv,0,2295,0.03332877159118652
sentence_1566.csv,94,3570,0.053769588470458984
sentence_1070.csv,180,3162,0.03148984909057617
sentence_1235.csv,14,6018,0.07428979873657227
sentence_1351.csv,282,1581,0.026032447814941406
sentence_1572.csv,20,3366,0.03350567817687988
sentence_1244.csv,158,5406,0.05910015106201172
sentence_419.csv,2,2091,0.026278018951416016
sentence_543.csv,348,4641,0.08629369735717773
sentence_1046.csv,0,4947,0.10259270668029785
sentence_1004.csv,440,1122,0.018007755279541016
sentence_545.csv,184,5406,0.11288738250732422
sentence_1291.csv,2,4437,0.07404565811157227
sentence_1753.csv,2,1275,0.015593290328979492
sentence_1733.csv,1690,2652,0.03267407417297363
sentence_1131.csv,62,2295,0.024750947952270508
sentence_1185.csv,0,6018,0.09667086601257324
sentence_298.csv,0,2805,0.027109146118164062
sentence_1635.csv,0,1122,0.030713319778442383
sentence_957.csv,392,2397,0.05214571952819824
sentence_1602.csv,760,2703,0.055754899978637695
sentence_825.csv,0,4437,0.0977325439453125
sentence_886.csv,570,6069,0.10228323936462402
sentence_184.csv,0,1377,0.014399528503417969
sentence_598.csv,0,6630,0.10086202621459961
sentence_905.csv,0,5559,0.08980321884155273
sentence_711.csv,4,5202,0.08361244201660156
sentence_534.csv,2270,3978,0.05018043518066406
sentence_107.csv,190,4539,0.06244349479675293
sentence_150.csv,0,3213,0.039472341537475586
sentence_127.csv,2,2193,0.02170872688293457
sentence_185.csv,0,4437,0.04532980918884277
sentence_1500.csv,72,1530,0.017004013061523438
sentence_1406.csv,0,2397,0.019586801528930664
sentence_1067.csv,22,4182,0.05208706855773926
sentence_1115.csv,66,1581,0.022411346435546875
sentence_1378.csv,346,1530,0.00756382942199707
sentence_52.csv,106,4947,0.09270834922790527
sentence_868.csv,232,3009,0.03286027908325195
sentence_558.csv,8,9333,0.1930389404296875
sentence_1257.csv,4,5202,0.07179641723632812
sentence_467.csv,102,4029,0.05900835990905762
sentence_1667.csv,110,765,0.021463394165039062
sentence_441.csv,0,3621,0.03249168395996094
sentence_544.csv,4,3774,0.0777740478515625
sentence_1334.csv,0,4998,0.08739161491394043
sentence_1391.csv,4,4896,0.08076143264770508
sentence_542.csv,0,3723,0.06267547607421875
sentence_393.csv,0,3060,0.05344724655151367
sentence_1479.csv,0,4692,0.10186433792114258
sentence_237.csv,202,5610,0.08285880088806152
sentence_400.csv,0,5712,0.09756946563720703
sentence_94.csv,74,2856,0.02350449562072754
sentence_45.csv,2,5508,0.052144765853881836
sentence_975.csv,568,1734,0.037505388259887695
sentence_307.csv,200,714,0.0213010311126709
sentence_643.csv,0,5763,0.07190108299255371
sentence_37.csv,4,1836,0.04113650321960449
sentence_1381.csv,0,3264,0.08194231986999512
sentence_1146.csv,0,3417,0.04330277442932129
sentence_362.csv,22,3315,0.042287588119506836
sentence_1231.csv,92,3825,0.05946946144104004
sentence_1283.csv,98,6222,0.06865525245666504
sentence_1448.csv,0,4233,0.07294344902038574
sentence_1793.csv,0,4845,0.07756257057189941
sentence_1445.csv,0,5253,0.09033656120300293
sentence_1480.csv,6,4794,0.06151080131530762
sentence_570.csv,626,3009,0.03378701210021973
sentence_1064.csv,0,4131,0.05923175811767578
sentence_1093.csv,0,2601,0.03634238243103027
sentence_1250.csv,44,1581,0.01557302474975586
sentence_529.csv,12,3468,0.0611419677734375
sentence_264.csv,0,3060,0.03520536422729492
sentence_1565.csv,446,3264,0.03680777549743652
sentence_1486.csv,6,3621,0.03840184211730957
sentence_1215.csv,1386,2040,0.031545400619506836
sentence_487.csv,302,3876,0.04478001594543457
sentence_224.csv,50,2040,0.03519153594970703
sentence_1704.csv,0,4233,0.03990888595581055
sentence_1354.csv,414,1683,0.03943347930908203
sentence_1696.csv,4,7038,0.09705805778503418
sentence_942.csv,44,2499,0.025960206985473633
sentence_950.csv,20,2856,0.03643035888671875
sentence_1276.csv,0,4488,0.0643925666809082
sentence_779.csv,0,5610,0.08149600028991699
sentence_698.csv,34,4029,0.053930044174194336
sentence_1651.csv,640,1326,0.018115997314453125
sentence_774.csv,0,2907,0.040281057357788086
sentence_98.csv,142,5712,0.09378170967102051
sentence_1178.csv,0,2499,0.02306842803955078
sentence_1340.csv,286,969,0.019354820251464844
sentence_666.csv,0,2958,0.03150796890258789
sentence_446.csv,680,6171,0.10921764373779297
sentence_105.csv,6,1275,0.018082618713378906
sentence_1338.csv,8,2550,0.027831315994262695
sentence_1003.csv,10,918,0.018452167510986328
sentence_1207.csv,0,4335,0.06385636329650879
sentence_291.csv,2,6375,0.08553504943847656
sentence_1607.csv,120,4692,0.05955910682678223
sentence_1412.csv,84,7650,0.1461946964263916
sentence_1311.csv,0,3774,0.043360233306884766
sentence_692.csv,6,5763,0.109375
sentence_1200.csv,796,5151,0.08992218971252441
sentence_61.csv,76,4743,0.0807497501373291
sentence_655.csv,0,3825,0.06460404396057129
sentence_2.csv,206,3978,0.048391103744506836
sentence_1820.csv,312,5508,0.06940174102783203
sentence_1105.csv,0,2295,0.02963852882385254
sentence_550.csv,2,3774,0.06807112693786621
sentence_924.csv,12,2346,0.04656505584716797
sentence_1298.csv,168,1530,0.01261138916015625
sentence_1586.csv,158,3366,0.07638049125671387
sentence_1019.csv,24,3009,0.036385297775268555
sentence_1191.csv,296,1989,0.028502702713012695
sentence_1576.csv,8,4182,0.05789995193481445
sentence_608.csv,0,3519,0.04856228828430176
sentence_518.csv,248,4641,0.0848851203918457
sentence_738.csv,0,1938,0.03838992118835449
sentence_1012.csv,4,4131,0.028805017471313477
sentence_908.csv,238,6885,0.12947750091552734
sentence_628.csv,2,2856,0.032462120056152344
sentence_383.csv,222,4488,0.05295443534851074
sentence_1575.csv,2,1632,0.014766931533813477
sentence_678.csv,2,1428,0.013945817947387695
sentence_1621.csv,76,4794,0.09238171577453613
sentence_1673.csv,2,2601,0.030753374099731445
sentence_1081.csv,2,5253,0.09603500366210938
sentence_1258.csv,150,2550,0.03677964210510254
sentence_1123.csv,26,5202,0.06505846977233887
sentence_1262.csv,0,4488,0.04757976531982422
sentence_1302.csv,0,4284,0.06241440773010254
sentence_376.csv,0,6477,0.18097543716430664
sentence_1662.csv,10,7803,0.13478779792785645
sentence_1204.csv,200,3927,0.0594172477722168
sentence_40.csv,2,3315,0.04683971405029297
sentence_151.csv,0,4335,0.07015705108642578
sentence_1582.csv,6,3825,0.07972288131713867
sentence_299.csv,0,4692,0.06383752822875977
sentence_0.csv,0,1581,0.016051769256591797
sentence_1225.csv,24,7701,0.11444377899169922
sentence_923.csv,14,6324,0.08803772926330566
sentence_686.csv,0,4437,0.042801856994628906
sentence_1550.csv,0,6834,0.12972474098205566
sentence_894.csv,2,4896,0.11740422248840332
sentence_1387.csv,12,4182,0.11261796951293945
sentence_864.csv,0,3468,0.06792736053466797
sentence_469.csv,196,3264,0.052156925201416016
sentence_842.csv,0,1632,0.0336916446685791
sentence_305.csv,2,4131,0.06586718559265137
sentence_1811.csv,230,612,0.012290239334106445
sentence_612.csv,446,2805,0.032561540603637695
sentence_1524.csv,0,4437,0.05944538116455078
sentence_1789.csv,1062,10251,0.20893359184265137
sentence_1266.csv,0,1683,0.04016423225402832
sentence_817.csv,306,2601,0.02918839454650879
sentence_1424.csv,152,1173,0.015225648880004883
sentence_818.csv,194,7293,0.13452982902526855
sentence_588.csv,0,3162,0.034989118576049805
sentence_759.csv,0,4743,0.09303426742553711
sentence_206.csv,0,3468,0.065826416015625
sentence_132.csv,44,6783,0.13787388801574707
sentence_201.csv,0,4947,0.09051847457885742
sentence_235.csv,0,4539,0.06416988372802734
sentence_289.csv,2,6528,0.14310884475708008
sentence_1815.csv,176,2346,0.03815507888793945
sentence_170.csv,0,5865,0.07655882835388184
sentence_648.csv,0,8211,0.13756346702575684
sentence_248.csv,0,2703,0.022160768508911133
sentence_22.csv,0,4845,0.051239013671875
sentence_889.csv,0,9282,0.22403860092163086
sentence_1305.csv,20,1275,0.02177882194519043
sentence_274.csv,254,2142,0.03220725059509277
sentence_805.csv,254,6477,0.08375740051269531
sentence_43.csv,0,2295,0.03166007995605469
sentence_1224.csv,116,4029,0.05504322052001953
sentence_1094.csv,156,5712,0.13690543174743652
sentence_1591.csv,2,2754,0.05065011978149414
sentence_310.csv,0,5355,0.08383488655090332
sentence_600.csv,404,2040,0.04503989219665527
sentence_178.csv,0,3825,0.05616593360900879
sentence_902.csv,8,1581,0.014377117156982422
sentence_735.csv,1252,3468,0.045081377029418945
sentence_1145.csv,16,4029,0.055932044982910156
sentence_1.csv,0,6120,0.09590649604797363
sentence_663.csv,90,5151,0.07060694694519043
sentence_843.csv,0,1479,0.021473407745361328
sentence_1328.csv,0,3366,0.04484820365905762
sentence_1527.csv,0,3162,0.04504871368408203
sentence_705.csv,116,561,0.024039506912231445
sentence_835.csv,84,510,0.023791790008544922
sentence_1504.csv,122,1785,0.028936147689819336
sentence_104.csv,0,6426,0.1931164264678955
sentence_1122.csv,14,4947,0.08810591697692871
sentence_1707.csv,6,2652,0.04273390769958496
sentence_508.csv,794,4386,0.057592153549194336
sentence_884.csv,686,2193,0.04496264457702637
sentence_53.csv,964,8823,0.2096390724182129
sentence_947.csv,126,2499,0.04080557823181152
sentence_425.csv,154,3519,0.04211878776550293
sentence_563.csv,108,4998,0.06024789810180664
sentence_1113.csv,0,6069,0.10155010223388672
sentence_1488.csv,8,5559,0.07225179672241211
sentence_1190.csv,100,3315,0.05028533935546875
sentence_302.csv,106,4182,0.052461862564086914
sentence_195.csv,8,2397,0.0460507869720459
sentence_1813.csv,2,4029,0.04190707206726074
sentence_86.csv,2,4080,0.04786276817321777
sentence_1585.csv,200,4947,0.0831601619720459
sentence_998.csv,192,5967,0.12469077110290527
sentence_713.csv,2,4437,0.04135918617248535
sentence_1253.csv,1636,7242,0.18546772003173828
sentence_403.csv,0,2193,0.05311083793640137
sentence_1631.csv,2,3264,0.037869930267333984
sentence_609.csv,924,6477,0.11590838432312012
sentence_1127.csv,0,6681,0.12321352958679199
sentence_997.csv,358,4488,0.06649947166442871
sentence_1307.csv,0,2499,0.050582170486450195
sentence_341.csv,240,2040,0.03641104698181152
sentence_1325.csv,126,3621,0.17297649383544922
sentence_1072.csv,1338,4335,0.07119584083557129
sentence_729.csv,0,1836,0.026519775390625
sentence_342.csv,0,816,0.026044368743896484
sentence_344.csv,56,5253,0.0780029296875
sentence_422.csv,0,9078,0.2337324619293213
sentence_1638.csv,0,4437,0.05834817886352539
sentence_597.csv,2,9180,0.2215442657470703
sentence_65.csv,144,1071,0.010121822357177734
sentence_72.csv,0,3927,0.06973862648010254
sentence_1417.csv,306,3366,0.02450108528137207
sentence_992.csv,94,4947,0.08703422546386719
sentence_213.csv,216,2907,0.033925533294677734
sentence_541.csv,1212,2346,0.04391598701477051
sentence_384.csv,0,6018,0.09335207939147949
sentence_1335.csv,0,4029,0.06957674026489258
sentence_1685.csv,0,5712,0.0643308162689209
sentence_1517.csv,0,6018,0.09076523780822754
sentence_861.csv,132,1989,0.032741546630859375
sentence_44.csv,0,5202,0.06636953353881836
sentence_1163.csv,0,3927,0.07827425003051758
sentence_537.csv,28,5508,0.0921621322631836
sentence_158.csv,220,5253,0.12753844261169434
sentence_548.csv,4,4284,0.07090592384338379
sentence_271.csv,2470,8670,0.10514140129089355
sentence_699.csv,0,4284,0.05698657035827637
sentence_1574.csv,42,1734,0.03152966499328613
sentence_561.csv,0,3468,0.057492971420288086
sentence_1652.csv,2694,9945,0.2271733283996582
sentence_583.csv,0,4182,0.04405570030212402
sentence_464.csv,44,4947,0.08234047889709473
sentence_944.csv,0,5967,0.10930371284484863
sentence_662.csv,0,5559,0.08428788185119629
sentence_457.csv,4,5661,0.0649111270904541
sentence_976.csv,0,4029,0.0686805248260498
sentence_197.csv,0,7395,0.12483549118041992
sentence_1443.csv,6,1989,0.03281998634338379
sentence_1614.csv,2,2856,0.05763125419616699
sentence_493.csv,2,1173,0.01221466064453125
sentence_1345.csv,0,4641,0.12026023864746094
sentence_879.csv,0,8262,0.11666679382324219
sentence_1664.csv,324,5916,0.10574769973754883
sentence_1584.csv,0,4896,0.08148336410522461
sentence_1688.csv,878,4437,0.06804966926574707
sentence_371.csv,6,1785,0.037862539291381836
sentence_1785.csv,782,4794,0.06862759590148926
sentence_1695.csv,540,5355,0.08093452453613281
sentence_1452.csv,1282,5559,0.08431482315063477
sentence_309.csv,2,4794,0.08500385284423828
sentence_1481.csv,524,9129,0.21200966835021973
sentence_359.csv,32,1887,0.04040026664733887
sentence_1017.csv,0,2703,0.037538766860961914
sentence_450.csv,0,6630,0.12502694129943848
sentence_345.csv,42,3111,0.03445148468017578
sentence_688.csv,2,5049,0.10044550895690918
sentence_1533.csv,1342,4845,0.0722048282623291
sentence_1744.csv,1064,2091,0.027553558349609375
sentence_677.csv,0,1734,0.047968387603759766
sentence_523.csv,0,1734,0.0414433479309082
sentence_839.csv,206,10302,0.19566059112548828
sentence_1738.csv,54,4488,0.07086634635925293
sentence_85.csv,2662,4029,0.061568260192871094
sentence_1194.csv,2036,4131,0.041234731674194336
sentence_1686.csv,0,1632,0.03876852989196777
sentence_449.csv,1102,2448,0.038716793060302734
sentence_1405.csv,838,4335,0.07621169090270996
sentence_706.csv,10,7548,0.11649084091186523
sentence_1128.csv,2,2448,0.04229593276977539
sentence_1149.csv,666,2958,0.04586029052734375
sentence_122.csv,0,8211,0.15406131744384766
sentence_512.csv,364,2703,0.041562795639038086
sentence_84.csv,4,4641,0.05612635612487793
sentence_1246.csv,1102,3111,0.03489255905151367
sentence_1048.csv,1390,3978,0.07187414169311523
sentence_1698.csv,0,3468,0.06282711029052734
sentence_1736.csv,8,6120,0.08476567268371582
sentence_1173.csv,44,3621,0.02833700180053711
sentence_1097.csv,160,2499,0.05612921714782715
sentence_10.csv,0,2703,0.023168325424194336
sentence_1056.csv,20,6579,0.10413312911987305
sentence_601.csv,84,7854,0.10408139228820801
sentence_552.csv,60,459,0.005980968475341797
sentence_980.csv,0,6069,0.10778141021728516
sentence_116.csv,4,4845,0.07000207901000977
sentence_1087.csv,2,6324,0.060183048248291016
sentence_1058.csv,448,4590,0.07000946998596191
sentence_1625.csv,0,6375,0.0863637924194336
sentence_1032.csv,30,3162,0.04894447326660156
sentence_870.csv,318,5814,0.1160135269165039
sentence_841.csv,40,2499,0.0378270149230957
sentence_1193.csv,922,7548,0.14719462394714355
sentence_680.csv,0,4131,0.06196928024291992
sentence_438.csv,0,4488,0.0730133056640625
sentence_959.csv,218,1428,0.011046648025512695
sentence_1472.csv,2,7854,0.18658733367919922
sentence_1399.csv,198,1989,0.03904891014099121
sentence_1371.csv,0,5508,0.10221982002258301
sentence_748.csv,2,4080,0.056159257888793945
sentence_1595.csv,10,3672,0.05297136306762695
sentence_599.csv,0,4182,0.05900907516479492
sentence_154.csv,294,4539,0.07941150665283203
sentence_91.csv,0,6375,0.08528423309326172
sentence_1549.csv,0,4284,0.07192730903625488
sentence_99.csv,358,5100,0.060355186462402344
sentence_79.csv,0,1836,0.03766918182373047
sentence_1800.csv,136,1887,0.03817152976989746
sentence_1330.csv,252,4641,0.06336617469787598
sentence_1380.csv,40,3162,0.06196999549865723
sentence_1147.csv,16,7497,0.12760090827941895
sentence_798.csv,8,4029,0.05323648452758789
sentence_1112.csv,0,8874,0.1989128589630127
sentence_625.csv,4,2958,0.0360410213470459
sentence_29.csv,2,4437,0.04123950004577637
sentence_1031.csv,366,3417,0.06917810440063477
sentence_974.csv,676,3774,0.059326887130737305
sentence_321.csv,12,3825,0.0307464599609375
sentence_873.csv,458,5253,0.07909107208251953
sentence_295.csv,0,3060,0.028793811798095703
sentence_1066.csv,0,5406,0.07029438018798828
sentence_214.csv,0,6171,0.07350897789001465
sentence_786.csv,36,3927,0.04993629455566406
sentence_1778.csv,3980,6834,0.13774347305297852
sentence_1743.csv,2,4539,0.058094024658203125
sentence_35.csv,0,7905,0.19296693801879883
sentence_1248.csv,14,3876,0.05558896064758301
sentence_1129.csv,0,9180,0.17039203643798828
sentence_1640.csv,52,5457,0.07261919975280762
sentence_164.csv,80,1071,0.02449202537536621
sentence_324.csv,2,4182,0.07340002059936523
sentence_1071.csv,22,3417,0.059706687927246094
sentence_668.csv,376,4845,0.08076357841491699
sentence_893.csv,0,4590,0.053696632385253906
sentence_1384.csv,0,6426,0.11832141876220703
sentence_492.csv,0,2397,0.05153918266296387
sentence_1347.csv,176,5049,0.046278953552246094
sentence_1725.csv,0,4080,0.05904364585876465
sentence_1106.csv,20,6171,0.1288595199584961
sentence_337.csv,160,4794,0.08188557624816895
sentence_1471.csv,0,8211,0.12912487983703613
sentence_1592.csv,74,4794,0.06344366073608398
sentence_68.csv,0,3366,0.050226449966430664
sentence_553.csv,4,3927,0.04504203796386719
sentence_1156.csv,116,2091,0.03131389617919922
sentence_114.csv,410,1836,0.04787325859069824
sentence_1552.csv,0,4029,0.0680077075958252
sentence_587.csv,0,4080,0.05295228958129883
sentence_454.csv,0,3723,0.046813249588012695
sentence_1326.csv,96,1530,0.013686895370483398
sentence_250.csv,0,3672,0.049004554748535156
sentence_402.csv,0,3774,0.1139523983001709
sentence_851.csv,272,2091,0.03308367729187012
sentence_141.csv,0,3315,0.050570011138916016
sentence_520.csv,22,2907,0.023733854293823242
sentence_953.csv,50,4998,0.09459519386291504
sentence_343.csv,0,4335,0.11427497863769531
sentence_1654.csv,4,5712,0.08204197883605957
sentence_1534.csv,78,2499,0.0456695556640625
sentence_176.csv,2,5814,0.10337257385253906
sentence_1470.csv,28,5049,0.09972858428955078
sentence_137.csv,80,1071,0.025267601013183594
sentence_1273.csv,60,2703,0.024958372116088867
sentence_152.csv,164,1428,0.014945268630981445
sentence_1161.csv,2,1122,0.011945486068725586
sentence_186.csv,6,6936,0.12094569206237793
sentence_1043.csv,0,5865,0.09010100364685059
sentence_1401.csv,0,7803,0.17985796928405762
sentence_750.csv,526,4080,0.03177046775817871
sentence_1454.csv,312,3825,0.05120491981506348
sentence_771.csv,4,2142,0.02554607391357422
sentence_1278.csv,2,2652,0.028934240341186523
sentence_1427.csv,924,3213,0.04201030731201172
sentence_878.csv,20,5712,0.08489179611206055
sentence_1418.csv,730,2754,0.034265995025634766
sentence_644.csv,142,1275,0.014819145202636719
sentence_731.csv,114,2295,0.032485246658325195
sentence_1543.csv,114,1938,0.07276177406311035
sentence_990.csv,0,2754,0.05737638473510742
sentence_1303.csv,0,2244,0.025143146514892578
sentence_1402.csv,4,2142,0.021857023239135742
sentence_589.csv,2152,8364,0.14622950553894043
sentence_1593.csv,0,4284,0.09776496887207031
sentence_581.csv,2,3468,0.0759284496307373
sentence_287.csv,58,3009,0.048126220703125
sentence_300.csv,64,6732,0.12391233444213867
sentence_426.csv,0,5151,0.07115507125854492
sentence_216.csv,18,2193,0.036309242248535156
sentence_1461.csv,0,5151,0.23820972442626953
sentence_1076.csv,4,3774,0.053556203842163086
sentence_586.csv,0,7140,0.16100668907165527
sentence_1751.csv,58,1836,0.029987335205078125
sentence_233.csv,234,5763,0.0976569652557373
sentence_660.csv,32,2652,0.04285550117492676
sentence_311.csv,162,8517,0.172607421875
sentence_848.csv,0,4488,0.08225083351135254
sentence_6.csv,476,4386,0.057363033294677734
sentence_133.csv,6,2040,0.02681279182434082
sentence_265.csv,12,4641,0.05819988250732422
sentence_530.csv,10,6069,0.11423349380493164
sentence_1171.csv,0,6069,0.07926082611083984
sentence_194.csv,42,2703,0.06219959259033203
sentence_790.csv,4,3315,0.04589581489562988
sentence_1271.csv,4,2805,0.03287792205810547
sentence_1315.csv,14,1734,0.026301145553588867
sentence_1776.csv,50,765,0.0185391902923584
sentence_535.csv,2,4794,0.06844568252563477
sentence_658.csv,836,1938,0.02691364288330078
sentence_39.csv,4,2805,0.03599691390991211
sentence_982.csv,26,3264,0.03011035919189453
sentence_1432.csv,0,8160,0.17522573471069336
sentence_1756.csv,88,4998,0.06444430351257324
sentence_252.csv,0,7497,0.10472869873046875
sentence_1389.csv,8,3417,0.04816579818725586
sentence_177.csv,32,6018,0.10083889961242676
sentence_485.csv,0,4284,0.0725562572479248
sentence_820.csv,1790,5355,0.09554195404052734
sentence_1192.csv,0,6885,0.08892154693603516
sentence_408.csv,694,7548,0.0925900936126709
sentence_791.csv,0,2346,0.0402987003326416
sentence_712.csv,0,2652,0.04304218292236328
sentence_777.csv,0,4590,0.09525918960571289
sentence_803.csv,0,5610,0.10130763053894043
sentence_914.csv,0,4743,0.08790874481201172
sentence_97.csv,66,2856,0.10620927810668945
sentence_1487.csv,8,2550,0.04199504852294922
sentence_1386.csv,218,3774,0.04616141319274902
sentence_741.csv,0,4437,0.05699419975280762
sentence_1110.csv,2,4386,0.08332967758178711
sentence_318.csv,20,2295,0.02758049964904785
sentence_15.csv,2,5457,0.0855855941772461
sentence_1716.csv,4,9843,0.2971982955932617
sentence_193.csv,394,1683,0.04084920883178711
sentence_1777.csv,1018,5763,0.07657361030578613
sentence_134.csv,0,4794,0.06623983383178711
sentence_285.csv,0,3315,0.0763401985168457
sentence_1726.csv,74,4233,0.07174420356750488
sentence_1392.csv,0,765,0.03058338165283203
sentence_406.csv,0,4590,0.05189061164855957
sentence_280.csv,54,5916,0.09622335433959961
sentence_863.csv,86,3366,0.04378199577331543
sentence_891.csv,468,1836,0.030647993087768555
sentence_1079.csv,0,4743,0.04648160934448242
sentence_749.csv,840,3060,0.025209903717041016
sentence_1436.csv,200,3213,0.11302661895751953
sentence_1369.csv,90,1122,0.01548624038696289
sentence_121.csv,512,4335,0.05558347702026367
sentence_918.csv,106,4539,0.06054258346557617
sentence_1719.csv,292,2346,0.020052433013916016
sentence_432.csv,0,6018,0.10804963111877441
sentence_1722.csv,0,3417,0.07728695869445801
sentence_1731.csv,1610,8670,0.1859285831451416
sentence_1775.csv,0,3876,0.04366636276245117
sentence_476.csv,4,5253,0.09579753875732422
sentence_4.csv,2,4437,0.058995962142944336
sentence_1201.csv,22,6936,0.12696337699890137
sentence_1425.csv,20,4335,0.042052507400512695
sentence_20.csv,0,4998,0.07796263694763184
sentence_718.csv,2,5559,0.11464595794677734
sentence_336.csv,276,3927,0.09924745559692383
sentence_1540.csv,1808,5304,0.10649943351745605
sentence_1760.csv,0,1938,0.058080434799194336
sentence_1781.csv,26,1173,0.03126358985900879
sentence_1139.csv,0,8568,0.179213285446167
sentence_19.csv,10,1071,0.01598358154296875
sentence_546.csv,838,6630,0.11417698860168457
sentence_1449.csv,156,3978,0.055397987365722656
sentence_1241.csv,168,6069,0.11662769317626953
sentence_1282.csv,926,5661,0.12542366981506348
sentence_1734.csv,16,5610,0.11718893051147461
sentence_11.csv,2164,4284,0.06716799736022949
sentence_656.csv,276,2703,0.04829692840576172
sentence_1318.csv,240,4539,0.0951690673828125
sentence_325.csv,4,2448,0.049176692962646484
sentence_1761.csv,216,4080,0.07815337181091309
sentence_111.csv,178,1428,0.034358978271484375
sentence_1102.csv,0,4182,0.0580286979675293
sentence_199.csv,8,4080,0.03281760215759277
sentence_357.csv,2,5457,0.06254267692565918
sentence_1818.csv,0,2397,0.04824090003967285
sentence_34.csv,0,4896,0.07120180130004883
sentence_506.csv,24,4284,0.042180776596069336
sentence_1383.csv,1554,10455,0.30054211616516113
sentence_1727.csv,160,1836,0.035651206970214844
sentence_388.csv,18,3825,0.05511903762817383
sentence_594.csv,168,4233,0.06615996360778809
sentence_412.csv,104,7140,0.1654796600341797
sentence_763.csv,0,4794,0.0724790096282959
sentence_1320.csv,1310,3774,0.036217451095581055
sentence_1663.csv,2,3060,0.029186010360717773
sentence_709.csv,2,2040,0.027309417724609375
sentence_800.csv,118,4692,0.04245734214782715
sentence_1501.csv,0,4182,0.04614615440368652
sentence_1295.csv,72,1377,0.02411651611328125
sentence_1177.csv,246,2805,0.03449702262878418
sentence_906.csv,260,918,0.01456141471862793
sentence_1376.csv,12,7446,0.20522356033325195
sentence_1024.csv,46,1224,0.024002790451049805
sentence_1051.csv,10,4080,0.05084681510925293
sentence_1555.csv,4,2040,0.024201393127441406
sentence_901.csv,0,2754,0.06142568588256836
sentence_1021.csv,168,6120,0.13402628898620605
sentence_1039.csv,6,3315,0.06444931030273438
sentence_1589.csv,2,2193,0.057384490966796875
sentence_38.csv,0,6171,0.10016083717346191
sentence_1101.csv,2,2397,0.04914999008178711
sentence_1559.csv,192,5253,0.12973713874816895
sentence_415.csv,2,3876,0.04398393630981445
sentence_1587.csv,14,3774,0.09144854545593262
sentence_1677.csv,4,1989,0.06522560119628906
sentence_1679.csv,890,5712,0.1417686939239502
sentence_996.csv,198,2040,0.02833843231201172
sentence_1681.csv,4,2040,0.04519915580749512
sentence_1620.csv,0,1989,0.06506586074829102
sentence_995.csv,524,3570,0.036628007888793945
sentence_76.csv,0,2499,0.06064200401306152
sentence_1091.csv,50,1734,0.024512529373168945
sentence_1459.csv,1568,4488,0.11423492431640625
sentence_308.csv,2,5100,0.08433246612548828
sentence_989.csv,470,2244,0.05139303207397461
sentence_120.csv,590,3621,0.03856825828552246
sentence_1323.csv,0,1836,0.03463339805603027
sentence_434.csv,4,6783,0.09346866607666016
sentence_1368.csv,0,6681,0.20809078216552734
sentence_958.csv,0,3876,0.05832338333129883
sentence_1388.csv,0,1479,0.01201176643371582
sentence_1803.csv,0,2244,0.0223085880279541
sentence_726.csv,0,4794,0.11527037620544434
sentence_1036.csv,564,7140,0.14287686347961426
sentence_1210.csv,2,3621,0.03702592849731445
sentence_1661.csv,2,5865,0.08306336402893066
sentence_1757.csv,2,8823,0.15089869499206543
sentence_1758.csv,0,2295,0.041959524154663086
sentence_903.csv,0,5865,0.10480499267578125
sentence_559.csv,68,2193,0.0376589298248291
sentence_634.csv,0,3111,0.044500112533569336
sentence_1370.csv,52,3723,0.05345869064331055
sentence_1329.csv,454,8619,0.20157599449157715
sentence_579.csv,44,6630,0.11062479019165039
sentence_1090.csv,4,1224,0.07049131393432617
sentence_649.csv,920,4539,0.04046034812927246
sentence_1414.csv,12,4590,0.051123619079589844
sentence_775.csv,0,8262,0.13211894035339355
sentence_1599.csv,78,1377,0.010751724243164062
sentence_596.csv,0,9486,0.2408123016357422
sentence_349.csv,2,7140,0.08014369010925293
sentence_807.csv,50,1071,0.011597156524658203
sentence_1464.csv,364,2040,0.04257774353027344
sentence_58.csv,0,4335,0.07870984077453613
sentence_202.csv,2,2040,0.04297351837158203
sentence_1042.csv,2,4029,0.06331491470336914
sentence_1294.csv,84,2448,0.024536848068237305
sentence_350.csv,84,6426,0.1723785400390625
sentence_827.csv,0,7803,0.18352174758911133
sentence_1151.csv,0,4080,0.06495499610900879
sentence_936.csv,222,5865,0.09276580810546875
sentence_1739.csv,134,4794,0.08974766731262207
sentence_1309.csv,200,3366,0.03235816955566406
sentence_1553.csv,0,663,0.018976449966430664
sentence_1001.csv,8,3264,0.061490774154663086
sentence_533.csv,14,4029,0.10458254814147949
sentence_74.csv,0,4590,0.058164119720458984
sentence_1358.csv,36,1071,0.02281808853149414
sentence_1507.csv,86,3774,0.044844627380371094
sentence_797.csv,728,3621,0.06189870834350586
sentence_146.csv,276,2754,0.033362627029418945
sentence_1732.csv,4,3927,0.10099673271179199
sentence_1683.csv,0,6732,0.08813190460205078
sentence_1740.csv,4,3876,0.067291259765625
sentence_919.csv,1214,6426,0.1117849349975586
sentence_244.csv,0,9435,0.15634846687316895
sentence_1275.csv,4,3519,0.039812326431274414
sentence_739.csv,230,6324,0.06446051597595215
sentence_471.csv,512,9027,0.1513655185699463
sentence_898.csv,0,4794,0.07103157043457031
sentence_816.csv,0,7803,0.1433572769165039
sentence_1611.csv,0,4692,0.03185009956359863
sentence_1373.csv,208,3468,0.03772258758544922
sentence_568.csv,572,4896,0.11145281791687012
sentence_118.csv,716,2907,0.08641457557678223
sentence_566.csv,1144,8007,0.14460015296936035
sentence_189.csv,0,3264,0.07023501396179199
sentence_822.csv,0,4029,0.14062738418579102
sentence_394.csv,0,3468,0.060849905014038086
sentence_455.csv,106,3366,0.04675865173339844
sentence_1600.csv,1190,6528,0.0708463191986084
sentence_1764.csv,44,1989,0.0673215389251709
sentence_769.csv,164,3417,0.047713279724121094
sentence_1636.csv,68,2856,0.03910541534423828
sentence_824.csv,0,2040,0.042951345443725586
sentence_1152.csv,56,1785,0.028306007385253906
sentence_409.csv,104,8568,0.31008148193359375
sentence_1783.csv,0,7038,0.11137199401855469
sentence_155.csv,0,8058,0.1952192783355713
sentence_907.csv,0,2550,0.0223081111907959
sentence_1018.csv,0,6834,0.19498467445373535
sentence_1277.csv,138,6783,0.09278035163879395
sentence_353.csv,282,4437,0.06800985336303711
sentence_397.csv,190,5610,0.10060787200927734
sentence_1693.csv,0,5049,0.06963586807250977
sentence_1348.csv,112,4233,0.07123637199401855
sentence_756.csv,54,4233,0.07060885429382324
sentence_1008.csv,0,1938,0.034990549087524414
sentence_1410.csv,0,4947,0.12114644050598145
sentence_1612.csv,4,4437,0.05208134651184082
sentence_929.csv,540,6732,0.09187841415405273
sentence_200.csv,0,3876,0.05885910987854004
sentence_1363.csv,402,4233,0.0727691650390625
sentence_498.csv,156,2958,0.03459453582763672
sentence_780.csv,122,1071,0.014329910278320312
sentence_1531.csv,256,5406,0.05936288833618164
sentence_611.csv,8,7344,0.1379241943359375
sentence_69.csv,172,5559,0.06403875350952148
sentence_283.csv,262,5406,0.10234689712524414
sentence_1514.csv,2,2703,0.020777225494384766
sentence_525.csv,70,1122,0.020519733428955078
sentence_81.csv,0,3111,0.03158092498779297
sentence_1002.csv,2,9486,0.2702765464782715
sentence_766.csv,2,765,0.024819374084472656
sentence_1137.csv,4,3315,0.05975031852722168
sentence_247.csv,6,5712,0.05688071250915527
sentence_1014.csv,582,2448,0.01712346076965332
sentence_517.csv,0,5661,0.08841109275817871
sentence_578.csv,0,5763,0.09367799758911133
sentence_1605.csv,38,5814,0.09870195388793945
sentence_720.csv,296,7191,0.12928557395935059
sentence_1086.csv,6,6936,0.20595526695251465
sentence_1639.csv,2,6681,0.09277844429016113
sentence_1310.csv,4,2040,0.014892816543579102
sentence_1604.csv,0,2244,0.030850887298583984
sentence_1633.csv,6,2703,0.0562899112701416
sentence_1742.csv,142,6630,0.1352226734161377
sentence_736.csv,566,4947,0.11714887619018555
sentence_286.csv,0,4539,0.04252290725708008
sentence_670.csv,26,5100,0.056143760681152344
sentence_928.csv,0,5304,0.06161642074584961
sentence_1648.csv,60,1632,0.025697946548461914
sentence_459.csv,232,4131,0.036206960678100586
sentence_725.csv,2,6987,0.11969947814941406
sentence_1754.csv,164,4947,0.06654596328735352
sentence_1765.csv,2190,7803,0.11162900924682617
sentence_385.csv,0,6222,0.09018802642822266
sentence_1206.csv,342,1785,0.034345149993896484
sentence_1168.csv,390,6120,0.14295578002929688
sentence_1519.csv,0,4386,0.05070996284484863
sentence_192.csv,96,6018,0.0868842601776123
sentence_916.csv,0,3468,0.05764460563659668
sentence_1724.csv,2,7752,0.13161540031433105
sentence_965.csv,180,4590,0.04657864570617676
sentence_1078.csv,1284,5559,0.08107471466064453
sentence_1770.csv,0,3213,0.05225062370300293
sentence_1782.csv,476,2805,0.05066418647766113
sentence_653.csv,182,6528,0.1448369026184082
sentence_1629.csv,0,1887,0.057064056396484375
sentence_1327.csv,10,765,0.019000530242919922
sentence_427.csv,4,5865,0.07123780250549316
sentence_1628.csv,0,2244,0.03315329551696777
sentence_88.csv,4,4182,0.06994152069091797
sentence_375.csv,0,4896,0.07737421989440918
sentence_1203.csv,86,2040,0.03195047378540039
sentence_1316.csv,494,5202,0.07962965965270996
sentence_619.csv,0,1887,0.032454729080200195
sentence_46.csv,14,3723,0.03542065620422363
sentence_554.csv,0,3672,0.08476853370666504
sentence_854.csv,704,5610,0.06942868232727051
sentence_538.csv,2,5202,0.18872618675231934
sentence_1174.csv,0,6477,0.10648894309997559
sentence_751.csv,130,1683,0.049794912338256836
sentence_1359.csv,0,4437,0.08606791496276855
sentence_1717.csv,0,4590,0.056685447692871094
sentence_1610.csv,2,6120,0.08070755004882812
sentence_915.csv,2,2346,0.05803370475769043
sentence_405.csv,3170,5559,0.10503935813903809
sentence_1772.csv,0,3927,0.0635979175567627
sentence_1542.csv,2,9537,0.19867682456970215
sentence_1356.csv,0,5916,0.1132211685180664
sentence_139.csv,0,4335,0.06654930114746094
sentence_51.csv,2,8364,0.20408415794372559
sentence_946.csv,632,4539,0.07247304916381836
sentence_1618.csv,10,7752,0.19133901596069336
sentence_242.csv,0,3009,0.03570699691772461
sentence_439.csv,458,2652,0.04983091354370117
sentence_1023.csv,0,2193,0.02870321273803711
sentence_28.csv,0,5253,0.07050633430480957
sentence_1594.csv,0,8160,0.12704253196716309
sentence_1678.csv,1466,5508,0.09532642364501953
sentence_1528.csv,8,1377,0.021211862564086914
sentence_1220.csv,72,6018,0.09726071357727051
sentence_1222.csv,6,3978,0.07672810554504395
sentence_1324.csv,4,1887,0.054945945739746094
sentence_645.csv,0,4539,0.08398318290710449
sentence_1419.csv,1972,4182,0.05571556091308594
sentence_418.csv,28,6222,0.11286568641662598
sentence_1117.csv,0,6018,0.10284829139709473
sentence_1568.csv,4,2754,0.03750348091125488
sentence_279.csv,0,3213,0.05906176567077637
sentence_284.csv,68,9384,0.15168118476867676
sentence_1264.csv,418,8364,0.17686104774475098
sentence_1484.csv,392,3825,0.052850961685180664
sentence_282.csv,2,5100,0.07954978942871094
sentence_652.csv,52,1377,0.024863243103027344
sentence_1809.csv,50,2550,0.05186200141906738
sentence_1571.csv,6,5100,0.051982879638671875
sentence_1083.csv,0,4284,0.06348848342895508
sentence_1416.csv,50,2958,0.040279388427734375
sentence_1502.csv,50,561,0.025624752044677734
sentence_801.csv,2500,4947,0.1062781810760498
sentence_1598.csv,0,3264,0.03671002388000488
sentence_333.csv,2,4539,0.0893547534942627
sentence_860.csv,78,2652,0.0338442325592041
sentence_1159.csv,102,3723,0.05058169364929199
sentence_1030.csv,92,1122,0.01466512680053711
sentence_228.csv,4,5559,0.1571803092956543
sentence_411.csv,322,4284,0.07812333106994629
sentence_1465.csv,0,3570,0.05305361747741699
sentence_572.csv,0,4335,0.0895848274230957
sentence_198.csv,6,1989,0.04862380027770996
sentence_1336.csv,0,5967,0.11995220184326172
sentence_1183.csv,0,3162,0.028539180755615234
sentence_528.csv,164,3927,0.0626976490020752
sentence_1561.csv,0,3111,0.05632472038269043
sentence_1035.csv,612,4131,0.04284930229187012
sentence_153.csv,0,2499,0.03749489784240723
sentence_1208.csv,44,3213,0.042130470275878906
sentence_1450.csv,338,8823,0.20156621932983398
sentence_1132.csv,130,3519,0.048655033111572266
sentence_607.csv,50,5559,0.12607336044311523
sentence_1641.csv,2,3060,0.05048108100891113
sentence_753.csv,88,561,0.013578414916992188
sentence_490.csv,6,3825,0.03662514686584473
sentence_1670.csv,0,7293,0.17544221878051758
sentence_1108.csv,126,2295,0.03193855285644531
sentence_551.csv,198,1734,0.028905153274536133
sentence_838.csv,626,5712,0.0735011100769043
sentence_573.csv,0,4131,0.052777767181396484
sentence_865.csv,762,3315,0.03190135955810547
sentence_372.csv,24,1326,0.01430964469909668
sentence_981.csv,22,2244,0.025845766067504883
sentence_1342.csv,2,3315,0.0677800178527832
sentence_1155.csv,26,6171,0.15911245346069336
sentence_857.csv,198,5865,0.07306718826293945
sentence_1796.csv,0,6120,0.0985100269317627
sentence_809.csv,2,1428,0.10091066360473633
sentence_1180.csv,126,6681,0.07143902778625488
sentence_1357.csv,0,6324,0.14679646492004395
sentence_1247.csv,2,4386,0.06170344352722168
sentence_747.csv,48,1632,0.021115541458129883
sentence_484.csv,102,2754,0.05050086975097656
sentence_549.csv,150,1938,0.03488588333129883
sentence_603.csv,130,4947,0.05773639678955078
sentence_366.csv,376,7599,0.16016149520874023
sentence_181.csv,0,3315,0.06169891357421875
sentence_999.csv,108,3978,0.09373092651367188
sentence_1492.csv,220,1377,0.012612104415893555
sentence_802.csv,0,5712,0.08272457122802734
sentence_1360.csv,0,3723,0.08006525039672852
sentence_1672.csv,2,3876,0.07592034339904785
sentence_764.csv,0,4539,0.08829331398010254
sentence_1279.csv,118,918,0.021353483200073242
sentence_1723.csv,700,1632,0.03756213188171387
sentence_1515.csv,0,7650,0.19888544082641602
sentence_1706.csv,0,4845,0.05991554260253906
sentence_1499.csv,324,2142,0.026237964630126953
sentence_794.csv,0,3876,0.059192657470703125
sentence_1788.csv,0,6069,0.06360745429992676
sentence_1513.csv,12,7701,0.2398366928100586
sentence_1626.csv,254,2040,0.037358760833740234
sentence_743.csv,6,1836,0.08916878700256348
sentence_1260.csv,2,1377,0.01729559898376465
sentence_203.csv,0,3876,0.09129834175109863
sentence_1239.csv,6,6273,0.11678266525268555
sentence_1581.csv,2032,5304,0.048688411712646484
sentence_1787.csv,160,1071,0.022607088088989258
sentence_249.csv,30,3315,0.04427075386047363
sentence_254.csv,120,4488,0.03675413131713867
sentence_708.csv,0,2856,0.03388619422912598
sentence_1395.csv,0,1989,0.11459040641784668
sentence_700.csv,0,4437,0.05652475357055664
sentence_754.csv,0,5865,0.08517861366271973
sentence_679.csv,12,2958,0.04534506797790527
sentence_539.csv,138,6630,0.147904634475708
sentence_230.csv,106,7140,0.13401055335998535
sentence_526.csv,0,6783,0.1210489273071289
sentence_1511.csv,22,5457,0.06574654579162598
sentence_451.csv,90,1479,0.08059525489807129
sentence_258.csv,6,9537,0.1730339527130127
sentence_1583.csv,2,6834,0.17232298851013184
sentence_560.csv,6,6834,0.23995065689086914
sentence_940.csv,80,3111,0.023061752319335938
sentence_1292.csv,96,3876,0.0354609489440918
sentence_727.csv,0,4335,0.0453343391418457
sentence_638.csv,0,3468,0.0463714599609375
sentence_1769.csv,96,4743,0.08621668815612793
sentence_463.csv,12,3162,0.058116912841796875
sentence_361.csv,56,5457,0.08971071243286133
sentence_1118.csv,2,5151,0.07564377784729004
sentence_31.csv,0,4488,0.10738396644592285
sentence_593.csv,0,4233,0.059641361236572266
sentence_714.csv,380,3213,0.07407569885253906
sentence_138.csv,14,408,0.010361433029174805
sentence_1044.csv,0,5049,0.051743268966674805
sentence_251.csv,2,4029,0.0659780502319336
sentence_292.csv,4,1377,0.0202791690826416
sentence_452.csv,0,2958,0.027141094207763672
sentence_1746.csv,0,6579,0.1799452304840088
sentence_1529.csv,880,6834,0.09393048286437988
sentence_1548.csv,6,2040,0.053597211837768555
sentence_126.csv,20,3774,0.06512880325317383
sentence_491.csv,116,765,0.02121710777282715
sentence_631.csv,708,5916,0.07306909561157227
sentence_880.csv,50,8619,0.09510278701782227
sentence_60.csv,1018,6681,0.20633316040039062
sentence_815.csv,1442,2346,0.05540180206298828
sentence_322.csv,44,5814,0.10881519317626953
sentence_567.csv,0,8823,0.13605713844299316
sentence_1523.csv,72,969,0.028052330017089844
sentence_1653.csv,0,3060,0.03409576416015625
sentence_110.csv,458,3315,0.04827761650085449
sentence_806.csv,4102,5253,0.08469295501708984
sentence_637.csv,2,2703,0.04127955436706543
sentence_1069.csv,2,3978,0.06934022903442383
sentence_379.csv,0,5865,0.10336518287658691
sentence_575.csv,300,6987,0.1067054271697998
sentence_1179.csv,16,1479,0.011551856994628906
sentence_1539.csv,274,5661,0.05901932716369629
sentence_1728.csv,34,3672,0.059177398681640625
sentence_954.csv,226,2958,0.030742406845092773
sentence_334.csv,0,2244,0.02630901336669922
sentence_966.csv,6,5049,0.0735616683959961
sentence_240.csv,0,9537,0.21675729751586914
sentence_1810.csv,1186,2958,0.045592546463012695
sentence_1442.csv,462,2244,0.0368196964263916
sentence_1352.csv,14,1887,0.023188352584838867
sentence_963.csv,106,1683,0.03348875045776367
sentence_1372.csv,164,5916,0.10296201705932617
sentence_147.csv,10,1377,0.017341136932373047
sentence_478.csv,0,6018,0.10679888725280762
sentence_1759.csv,536,2805,0.02356863021850586
sentence_1578.csv,0,6936,0.1666567325592041
sentence_1349.csv,6,714,0.022735118865966797
sentence_1038.csv,214,7293,0.15173935890197754
sentence_636.csv,64,4437,0.05551576614379883
sentence_1084.csv,0,3978,0.046054840087890625
sentence_755.csv,124,1734,0.06379103660583496
sentence_614.csv,188,2244,0.04020524024963379
sentence_618.csv,0,4947,0.07414960861206055
sentence_1170.csv,48,510,0.012230157852172852
sentence_275.csv,0,2499,0.039966583251953125
sentence_220.csv,0,6477,0.07637500762939453
sentence_665.csv,332,1275,0.005559682846069336
sentence_1013.csv,32,4233,0.03890180587768555
sentence_1166.csv,0,5304,0.09273600578308105
sentence_167.csv,152,2550,0.03403615951538086
sentence_221.csv,74,3621,0.05001544952392578
sentence_1666.csv,0,6018,0.06916236877441406
sentence_346.csv,224,1734,0.022269487380981445
sentence_1119.csv,12,6018,0.09055209159851074
sentence_926.csv,442,4233,0.07181620597839355
sentence_511.csv,114,2601,0.07278704643249512
sentence_175.csv,32,4947,0.08573675155639648
sentence_1525.csv,470,5049,0.09943222999572754
sentence_109.csv,16,3009,0.04235577583312988
sentence_1606.csv,0,6273,0.10304379463195801
sentence_338.csv,6,4488,0.08728623390197754
sentence_895.csv,126,1785,0.019579410552978516
sentence_985.csv,206,2499,0.03112196922302246
sentence_657.csv,0,5865,0.11829853057861328
sentence_592.csv,182,7038,0.14439153671264648
sentence_1195.csv,844,3570,0.050005197525024414
sentence_1676.csv,532,7038,0.12709593772888184
sentence_1229.csv,0,2193,0.04685568809509277
sentence_810.csv,32,1989,0.0318145751953125
sentence_1699.csv,0,4182,0.0587773323059082
sentence_887.csv,0,5100,0.052340030670166016
sentence_1172.csv,0,5457,0.0981600284576416
sentence_828.csv,412,3162,0.0511627197265625
sentence_624.csv,0,6069,0.13637399673461914
sentence_840.csv,186,3213,0.032468557357788086
sentence_1092.csv,0,7191,0.16357851028442383
sentence_885.csv,724,2346,0.06036496162414551
sentence_1052.csv,0,1836,0.01999378204345703
sentence_988.csv,0,6783,0.13443398475646973
sentence_340.csv,118,4794,0.09021449089050293
sentence_1646.csv,4,4284,0.07105112075805664
sentence_266.csv,158,3927,0.11637520790100098
sentence_930.csv,0,2295,0.026475191116333008
sentence_290.csv,308,3417,0.06325697898864746
sentence_1634.csv,0,6018,0.09863042831420898
sentence_1236.csv,224,5049,0.13183212280273438
sentence_92.csv,2,3519,0.049324750900268555
sentence_1536.csv,208,6324,0.08804702758789062
sentence_1510.csv,112,4437,0.10108256340026855
sentence_856.csv,86,1581,0.013419389724731445
sentence_804.csv,0,2703,0.036604881286621094
sentence_231.csv,168,5355,0.05445671081542969
sentence_582.csv,218,4947,0.07182478904724121
sentence_1545.csv,2,5559,0.11094427108764648
sentence_209.csv,66,3825,0.060018062591552734
sentence_62.csv,24,8262,0.28296375274658203
sentence_482.csv,0,4947,0.09305715560913086
sentence_1544.csv,300,9486,0.30037450790405273
sentence_223.csv,10,2550,0.03471994400024414
sentence_1692.csv,46,1836,0.06169724464416504
sentence_1453.csv,4,3825,0.08395695686340332
sentence_174.csv,0,5865,0.09501886367797852
sentence_169.csv,208,459,0.006307125091552734
sentence_910.csv,58,4488,0.11550521850585938
sentence_875.csv,132,4029,0.08415842056274414
sentence_1491.csv,154,4182,0.052954673767089844
sentence_1124.csv,14,459,0.0783228874206543
sentence_172.csv,964,5253,0.07843780517578125
sentence_808.csv,4,5100,0.08121156692504883
sentence_1063.csv,0,5304,0.08330082893371582
sentence_524.csv,36,6477,0.11796402931213379
sentence_1741.csv,0,2091,0.03126358985900879
sentence_125.csv,8,3825,0.05718803405761719
sentence_1314.csv,220,4692,0.07531380653381348
sentence_1362.csv,218,3723,0.04700970649719238
sentence_934.csv,688,7140,0.1153707504272461
sentence_179.csv,2,9333,0.21892118453979492
sentence_404.csv,208,3774,0.07089090347290039
sentence_1434.csv,174,1785,0.034116268157958984
sentence_675.csv,0,3621,0.06128334999084473
sentence_82.csv,0,8058,0.09259414672851562
sentence_339.csv,0,1428,0.012938976287841797
sentence_576.csv,0,5406,0.09157133102416992
sentence_695.csv,14,1938,0.0427093505859375
sentence_1062.csv,78,4590,0.049508094787597656
sentence_723.csv,14,3519,0.0509953498840332
sentence_632.csv,436,5202,0.07665276527404785
sentence_701.csv,160,7956,0.07671737670898438
sentence_882.csv,0,4641,0.042514801025390625
sentence_156.csv,0,4182,0.0719757080078125
sentence_1029.csv,134,714,0.017155170440673828
sentence_968.csv,6,5661,0.0574955940246582
sentence_1802.csv,162,4539,0.04636573791503906
sentence_704.csv,182,4386,0.09376931190490723
sentence_23.csv,130,459,0.018043041229248047
sentence_881.csv,0,6273,0.12743592262268066
sentence_1805.csv,112,1683,0.04376721382141113
sentence_716.csv,0,2091,0.03659701347351074
sentence_659.csv,260,4998,0.04575061798095703
sentence_1077.csv,0,4080,0.040380239486694336
sentence_913.csv,0,3213,0.04077649116516113
sentence_667.csv,36,5865,0.07576870918273926
sentence_1333.csv,16,4743,0.06553959846496582
sentence_317.csv,0,4794,0.09900903701782227
sentence_232.csv,0,5916,0.11979436874389648
sentence_837.csv,230,5049,0.08336782455444336
sentence_993.csv,0,5712,0.10285019874572754
sentence_1694.csv,78,1479,0.011754512786865234
sentence_1630.csv,2,2958,0.03350543975830078
sentence_1219.csv,112,4641,0.040428876876831055
sentence_626.csv,80,3264,0.06258392333984375
sentence_788.csv,0,7344,0.17142581939697266
sentence_301.csv,0,4335,0.052196502685546875
sentence_123.csv,0,3723,0.045975685119628906
sentence_392.csv,0,3876,0.05709099769592285
sentence_760.csv,2,3468,0.07629179954528809
sentence_1057.csv,0,6171,0.14261364936828613
sentence_238.csv,0,4896,0.09763503074645996
sentence_327.csv,20,3366,0.0746622085571289
sentence_717.csv,0,6018,0.12012243270874023
sentence_1455.csv,4,4947,0.06460404396057129
sentence_272.csv,218,2448,0.030489683151245117
sentence_1011.csv,2,3672,0.04141569137573242
sentence_740.csv,8,7089,0.11182594299316406
sentence_1665.csv,0,7242,0.16745281219482422
sentence_417.csv,0,6222,0.08203577995300293
sentence_241.csv,250,2499,0.07972097396850586
sentence_145.csv,284,2040,0.026641368865966797
sentence_1049.csv,28,1173,0.028394699096679688
sentence_140.csv,0,6324,0.10807108879089355
sentence_1268.csv,306,1530,0.015516281127929688
sentence_1243.csv,0,6885,0.14370942115783691
sentence_443.csv,872,1479,0.019620418548583984
sentence_1779.csv,0,6630,0.09752559661865234
sentence_373.csv,0,2652,0.04797959327697754
sentence_1251.csv,0,1632,0.01715087890625
sentence_1521.csv,598,4641,0.060938119888305664
sentence_288.csv,2,5814,0.06538796424865723
sentence_1713.csv,0,5253,0.14349746704101562
sentence_1107.csv,12,2244,0.028687477111816406
sentence_853.csv,28,3723,0.030050277709960938
sentence_515.csv,0,7140,0.12367916107177734
sentence_761.csv,44,5712,0.08002066612243652
sentence_466.csv,406,1581,0.012653589248657227
sentence_734.csv,0,7242,0.18187403678894043
sentence_1075.csv,2,4131,0.041373491287231445
sentence_1254.csv,278,5100,0.0788874626159668
sentence_429.csv,534,4845,0.07509493827819824
sentence_1169.csv,0,7701,0.126328706741333
sentence_765.csv,200,3162,0.06162691116333008
sentence_1712.csv,626,2805,0.028931140899658203
sentence_1099.csv,60,918,0.01351618766784668
sentence_1451.csv,0,2805,0.0665740966796875
sentence_468.csv,284,6783,0.10682058334350586
sentence_562.csv,264,5202,0.08774638175964355
sentence_1228.csv,462,5304,0.13374948501586914
sentence_829.csv,0,6579,0.08708405494689941
sentence_489.csv,0,4386,0.05008077621459961
sentence_1735.csv,2,1785,0.024751901626586914
sentence_1041.csv,0,4386,0.044113874435424805
sentence_445.csv,2170,9078,0.26515698432922363
sentence_1603.csv,0,3009,0.03110194206237793
sentence_623.csv,100,2295,0.05783653259277344
sentence_606.csv,216,5967,0.07190108299255371
sentence_1242.csv,590,2193,0.03860354423522949
sentence_694.csv,60,3111,0.048603057861328125
sentence_180.csv,2,3927,0.05365705490112305
sentence_1474.csv,0,2193,0.017422199249267578
sentence_782.csv,0,6630,0.09122133255004883
sentence_1304.csv,36,6936,0.10124683380126953
sentence_892.csv,0,4947,0.0740041732788086
sentence_163.csv,2,1683,0.05964374542236328
sentence_1596.csv,1132,6681,0.08545136451721191
sentence_270.csv,0,4131,0.12992072105407715
sentence_983.csv,0,1836,0.03145885467529297
sentence_9.csv,0,1734,0.039917945861816406
sentence_370.csv,8,1377,0.03613638877868652
sentence_1645.csv,408,2142,0.01804351806640625
sentence_1165.csv,0,4029,0.032520294189453125
sentence_1801.csv,0,3876,0.061586618423461914
sentence_354.csv,2,5253,0.07655215263366699
sentence_1199.csv,0,4335,0.04595375061035156
sentence_1143.csv,10,1479,0.02166461944580078
sentence_1457.csv,48,663,0.014185905456542969
sentence_173.csv,8,2652,0.053115129470825195
sentence_1791.csv,22,4233,0.05109238624572754
sentence_1301.csv,2,2040,0.044058799743652344
sentence_1317.csv,0,4488,0.0701448917388916
sentence_767.csv,0,4641,0.04933977127075195
sentence_591.csv,0,4641,0.043633222579956055
sentence_1428.csv,84,1785,0.07430315017700195
sentence_296.csv,616,3621,0.04109930992126465
sentence_424.csv,12,2499,0.04546785354614258
sentence_1556.csv,1118,8721,0.18790292739868164
sentence_962.csv,562,5814,0.07070159912109375
sentence_1396.csv,2028,2448,0.01709604263305664
sentence_920.csv,54,8058,0.2055356502532959
sentence_859.csv,0,4335,0.10095620155334473
sentence_935.csv,166,6171,0.12605953216552734
sentence_382.csv,6,6018,0.11237192153930664
sentence_830.csv,36,1989,0.009562492370605469
sentence_1569.csv,164,1581,0.02558159828186035
sentence_532.csv,0,3213,0.08389830589294434
sentence_627.csv,320,5100,0.05932950973510742
sentence_877.csv,1782,4386,0.07312989234924316
sentence_1588.csv,8,5865,0.11491155624389648
sentence_129.csv,0,3570,0.03860831260681152
sentence_521.csv,2,3723,0.07061076164245605
sentence_1134.csv,2,3927,0.04102325439453125
sentence_458.csv,124,3468,0.05336284637451172
sentence_1284.csv,0,1836,0.025851726531982422
sentence_1794.csv,0,3468,0.060231924057006836
sentence_1570.csv,1050,4284,0.05962538719177246
sentence_304.csv,400,6018,0.07563376426696777
sentence_912.csv,8,3060,0.03932952880859375
sentence_1473.csv,4,5406,0.06229281425476074
sentence_527.csv,408,3927,0.06119561195373535
sentence_872.csv,2,7140,0.0838780403137207
sentence_669.csv,2086,3927,0.06950640678405762
sentence_1281.csv,0,4284,0.026974201202392578
sentence_1322.csv,96,2754,0.10843920707702637
sentence_1104.csv,136,4488,0.1608889102935791
sentence_531.csv,2,2550,0.03966259956359863
sentence_1130.csv,0,2601,0.03332066535949707
sentence_319.csv,48,1071,0.03875422477722168
sentence_1355.csv,410,1989,0.02901458740234375
sentence_1518.csv,40,1887,0.03905844688415527
sentence_742.csv,366,4896,0.05525612831115723
sentence_488.csv,952,3723,0.06456422805786133
sentence_143.csv,0,5865,0.11172962188720703
sentence_1503.csv,324,1989,0.033043861389160156
sentence_1065.csv,2,1377,0.021371841430664062
sentence_1288.csv,188,4590,0.042546749114990234
sentence_115.csv,30,4182,0.07201886177062988
sentence_428.csv,240,3978,0.08527755737304688
sentence_1563.csv,0,6885,0.18803954124450684
sentence_1715.csv,0,4437,0.06982159614562988
sentence_453.csv,0,1173,0.010849237442016602
sentence_1050.csv,994,2193,0.03871655464172363
sentence_27.csv,596,10251,0.13037467002868652
sentence_922.csv,240,6477,0.07412219047546387
sentence_1637.csv,2,4692,0.05813789367675781
sentence_1773.csv,0,5151,0.05548810958862305
sentence_1308.csv,0,6477,0.1690380573272705
sentence_1088.csv,54,6273,0.09811878204345703
sentence_557.csv,238,5967,0.16037344932556152
sentence_883.csv,636,4794,0.059126853942871094
sentence_522.csv,0,1683,0.02975177764892578
sentence_1730.csv,248,6171,0.10065913200378418
sentence_1403.csv,0,5049,0.09950685501098633
sentence_36.csv,0,6681,0.09864091873168945
sentence_1560.csv,168,612,0.020763397216796875
sentence_494.csv,4,3621,0.041413068771362305
sentence_398.csv,14,4335,0.07639384269714355
sentence_49.csv,0,9843,0.17047619819641113
sentence_1682.csv,0,5049,0.09374856948852539
sentence_949.csv,14,6171,0.10236001014709473
sentence_1613.csv,108,306,0.019095659255981445
sentence_927.csv,6,2346,0.03991413116455078
sentence_847.csv,6,6630,0.1354084014892578
sentence_42.csv,0,6885,0.143385648727417
sentence_1483.csv,304,2397,0.044419050216674805
sentence_1440.csv,0,2040,0.06153059005737305
sentence_1438.csv,6,3264,0.09989476203918457
sentence_1709.csv,54,2754,0.046933650970458984
sentence_1567.csv,0,4233,0.09246945381164551
sentence_621.csv,90,2754,0.03857159614562988
sentence_1263.csv,132,3570,0.052947282791137695
sentence_475.csv,366,6426,0.06032228469848633
sentence_312.csv,4,3213,0.07017683982849121
sentence_1227.csv,114,2397,0.021234750747680664
sentence_1167.csv,0,3009,0.024828672409057617
sentence_672.csv,78,2499,0.0391545295715332
sentence_205.csv,362,3009,0.02736210823059082
sentence_1458.csv,646,1479,0.016305208206176758
sentence_789.csv,0,5151,0.16420316696166992
sentence_504.csv,0,5049,0.09494829177856445
sentence_1188.csv,0,7089,0.1130828857421875
sentence_536.csv,38,5610,0.13302350044250488
sentence_215.csv,2,4437,0.051743507385253906
sentence_556.csv,4,3468,0.043964385986328125
sentence_1721.csv,0,8976,0.19929289817810059
sentence_1609.csv,748,2856,0.041379451751708984
sentence_1255.csv,78,816,0.012262582778930664
sentence_323.csv,0,1734,0.04926872253417969
sentence_497.csv,4,3672,0.06356120109558105
sentence_1708.csv,1852,6222,0.13269662857055664
sentence_423.csv,90,3723,0.05420994758605957
sentence_1187.csv,426,2091,0.04934501647949219
sentence_171.csv,0,3927,0.04112887382507324
sentence_277.csv,0,1785,0.03145408630371094
sentence_374.csv,0,2448,0.05640363693237305
sentence_1538.csv,0,3111,0.03395867347717285
sentence_183.csv,0,6477,0.0686655044555664
sentence_1407.csv,104,1530,0.013368844985961914
sentence_1745.csv,168,1530,0.009952783584594727
sentence_461.csv,4,5406,0.05922389030456543
sentence_1184.csv,248,2754,0.025023460388183594
sentence_1608.csv,1482,2193,0.020529508590698242
sentence_149.csv,74,6834,0.09352326393127441
sentence_1089.csv,850,5406,0.10001993179321289
sentence_1420.csv,12,5151,0.06282353401184082
sentence_509.csv,0,4437,0.045013427734375
sentence_212.csv,56,816,0.014758825302124023
sentence_858.csv,140,4794,0.050168752670288086
sentence_762.csv,0,6783,0.07973265647888184
sentence_964.csv,0,2499,0.03373122215270996
sentence_1546.csv,10,4386,0.06548237800598145
sentence_707.csv,2,1887,0.024315357208251953
sentence_844.csv,56,4896,0.05495762825012207
sentence_436.csv,16,2601,0.01636815071105957
sentence_1714.csv,320,1224,0.02045273780822754
sentence_1096.csv,0,2550,0.06380581855773926
sentence_77.csv,0,5814,0.15966224670410156
sentence_1053.csv,256,3978,0.05500030517578125
sentence_1697.csv,0,6783,0.14267754554748535
sentence_32.csv,0,1530,0.020749330520629883
sentence_217.csv,12,2958,0.04017353057861328
sentence_979.csv,32,1734,0.022541284561157227
sentence_253.csv,10,5100,0.07820367813110352
sentence_1198.csv,0,2754,0.05047154426574707
sentence_78.csv,0,5916,0.1292276382446289
sentence_687.csv,168,1377,0.017244815826416016
sentence_14.csv,18,4488,0.08097195625305176
sentence_1009.csv,0,4386,0.10680365562438965
sentence_931.csv,0,6681,0.167586088180542
sentence_465.csv,748,7956,0.17040514945983887
sentence_1068.csv,32,2397,0.022912263870239258
sentence_1045.csv,442,5100,0.12070703506469727
sentence_502.csv,430,1173,0.02245807647705078
sentence_1660.csv,0,5100,0.06631231307983398
sentence_1505.csv,2,3723,0.04955434799194336
sentence_124.csv,4,3213,0.03371310234069824
sentence_303.csv,0,3876,0.08909726142883301
sentence_1601.csv,192,3621,0.08086347579956055
sentence_1423.csv,198,4029,0.041501522064208984
sentence_1624.csv,302,5151,0.05594992637634277
sentence_610.csv,0,6273,0.1327195167541504
sentence_746.csv,2374,4284,0.047881364822387695
sentence_602.csv,24,1785,0.03183388710021973
sentence_444.csv,0,3315,0.04122209548950195
sentence_1804.csv,420,5508,0.06846046447753906
sentence_722.csv,0,6936,0.1490495204925537
sentence_507.csv,2,6885,0.14026093482971191
sentence_1037.csv,1490,7752,0.06754565238952637
sentence_1374.csv,40,612,0.006447553634643555
sentence_1627.csv,0,3621,0.022145986557006836
sentence_849.csv,78,2601,0.054471731185913086
sentence_367.csv,542,2601,0.02024984359741211
sentence_208.csv,0,2601,0.04913830757141113
sentence_326.csv,14,4896,0.10033655166625977
sentence_1331.csv,1196,2601,0.032086849212646484
sentence_103.csv,328,2856,0.04877877235412598
sentence_431.csv,2,2703,0.04693603515625
sentence_130.csv,0,4998,0.07668662071228027
sentence_1520.csv,0,3978,0.08781552314758301
sentence_1795.csv,2,7905,0.15801548957824707
sentence_792.csv,0,3162,0.05553579330444336
sentence_1025.csv,6,5661,0.08355474472045898
sentence_352.csv,0,6120,0.08899831771850586
sentence_732.csv,64,8772,0.15999698638916016
sentence_1437.csv,48,1836,0.026950359344482422
sentence_1213.csv,24,5049,0.09014630317687988
sentence_225.csv,204,2499,0.0617063045501709
sentence_961.csv,4,4998,0.08417296409606934
sentence_1100.csv,76,5049,0.07345390319824219
sentence_1367.csv,250,3672,0.04095005989074707
sentence_50.csv,180,1581,0.014667272567749023
sentence_651.csv,718,5151,0.06909298896789551
sentence_1216.csv,368,4794,0.05711078643798828
sentence_1197.csv,424,3519,0.04279446601867676
sentence_1116.csv,1554,6732,0.1871483325958252
sentence_904.csv,12,2856,0.04535198211669922
sentence_783.csv,0,2550,0.03457832336425781
sentence_948.csv,338,3876,0.07551050186157227
sentence_435.csv,168,2448,0.025807619094848633
sentence_1142.csv,448,1275,0.06798481941223145
sentence_101.csv,0,4590,0.0653374195098877
sentence_64.csv,0,1938,0.024237394332885742
sentence_846.csv,100,5661,0.06453728675842285
sentence_462.csv,42,1020,0.020141124725341797
sentence_1005.csv,578,6120,0.08200454711914062
sentence_182.csv,32,4539,0.041658878326416016
sentence_1085.csv,196,6783,0.06171560287475586
sentence_1361.csv,0,7395,0.14724421501159668
sentence_1074.csv,0,5202,0.0726780891418457
sentence_481.csv,2,6528,0.100311279296875
sentence_1541.csv,132,1989,0.0181887149810791
sentence_1616.csv,0,8109,0.19927167892456055
sentence_188.csv,284,1428,0.008057832717895508
sentence_693.csv,0,8517,0.1417403221130371
sentence_1060.csv,2,4131,0.05415797233581543
sentence_890.csv,0,4284,0.051830291748046875
sentence_391.csv,702,1122,0.013065099716186523
sentence_728.csv,46,4437,0.08724021911621094
sentence_395.csv,8,5151,0.07763814926147461
sentence_1189.csv,398,1479,0.02004837989807129
sentence_1054.csv,242,612,0.009885311126708984
sentence_1379.csv,6,5355,0.07308769226074219
sentence_95.csv,0,4692,0.08864116668701172
sentence_776.csv,286,1326,0.012736320495605469
sentence_165.csv,14,2958,0.038733720779418945
sentence_477.csv,2,4284,0.03626298904418945
sentence_696.csv,0,4182,0.0630333423614502
sentence_1643.csv,116,2958,0.05081748962402344
sentence_1799.csv,0,1428,0.0164031982421875
sentence_1790.csv,0,2754,0.034705400466918945
sentence_396.csv,2,3264,0.022977113723754883
sentence_1016.csv,10,5406,0.06418347358703613
sentence_1385.csv,0,1683,0.06336331367492676
sentence_1690.csv,46,4080,0.04931974411010742
sentence_1160.csv,0,3315,0.039136648178100586
